movie_id,revenue,budget,certification
tt0113026,0.0,10000000.0,
tt0113092,0.0,0.0,
tt0116391,0.0,0.0,
tt0118694,14204632.0,150000.0,PG
tt0118852,0.0,0.0,R
tt0119273,0.0,15000000.0,R
tt0119495,0.0,0.0,R
tt0119806,0.0,0.0,
tt0119966,0.0,0.0,
tt0120202,9206279.0,0.0,
tt0120263,80334.0,0.0,
tt0120467,14904.0,120000.0,R
tt0120626,0.0,6105121.0,
tt0120630,224834564.0,45000000.0,G
tt0120698,0.0,0.0,
tt0120733,0.0,0.0,NR
tt0120753,105983.0,8000000.0,R
tt0120755,546388105.0,125000000.0,
tt0120903,296339527.0,75000000.0,PG-13
tt0120913,36754634.0,75000000.0,PG
tt0120917,169327687.0,100000000.0,G
tt0122161,0.0,0.0,R
tt0122459,36609995.0,24000000.0,PG
tt0123003,0.0,10000000.0,
tt0123055,0.0,0.0,G
tt0127349,327418.0,8500000.0,
tt0128158,0.0,0.0,
tt0130623,354248063.0,127500000.0,PG
tt0131704,35134820.0,76000000.0,PG
tt0132885,0.0,0.0,
tt0132910,0.0,10000000.0,R
tt0133752,0.0,0.0,
tt0134084,161834276.0,40000000.0,R
tt0134630,0.0,0.0,R
tt0134847,53187659.0,23000000.0,R
tt0134983,14828081.0,90000000.0,PG-13
tt0135707,0.0,0.0,
tt0138288,0.0,0.0,
tt0138353,0.0,1700000.0,R
tt0138749,76432727.0,95000000.0,PG
tt0138818,0.0,0.0,PG-13
tt0138927,0.0,0.0,PG-13
tt0138946,0.0,0.0,
tt0139388,0.0,0.0,PG
tt0139500,0.0,0.0,
tt0141926,127666415.0,62000000.0,PG-13
tt0142650,0.0,0.0,R
tt0143344,0.0,0.0,
tt0144084,34266564.0,7000000.0,R
tt0144142,0.0,3000000.0,R
tt0144189,0.0,0.0,
tt0144528,123307945.0,84000000.0,PG-13
tt0144574,0.0,0.0,
tt0144608,0.0,0.0,PG
tt0144964,15843608.0,25000000.0,R
tt0146309,34566746.0,80000000.0,PG-13
tt0146882,47126295.0,30000000.0,R
tt0146984,39459427.0,80000000.0,PG-13
tt0147486,0.0,0.0,
tt0148421,0.0,0.0,
tt0149367,0.0,0.0,PG-13
tt0149624,0.0,57000000.0,PG-13
tt0151150,15000000.0,6900000.0,
tt0151309,0.0,0.0,
tt0153012,0.0,0.0,
tt0153100,0.0,0.0,
tt0153464,0.0,0.0,
tt0155150,0.0,0.0,R
tt0156020,0.0,0.0,
tt0156323,7201701.0,10000000.0,R
tt0156741,0.0,0.0,R
tt0156757,0.0,0.0,PG-13
tt0156807,0.0,0.0,PG-13
tt0156812,35547761.0,6000000.0,PG
tt0156841,24362772.0,25000000.0,PG-13
tt0156942,0.0,1200000.0,
tt0157122,0.0,0.0,R
tt0157202,0.0,0.0,
tt0157262,270813.0,26000000.0,R
tt0157836,0.0,0.0,
tt0158033,0.0,0.0,
tt0158622,59468275.0,83000000.0,PG
tt0159291,0.0,0.0,
tt0159371,0.0,0.0,
tt0159396,0.0,0.0,R
tt0159784,0.0,0.0,R
tt0160009,30199105.0,40000000.0,R
tt0160127,264105545.0,92000000.0,PG-13
tt0160256,0.0,0.0,
tt0160289,0.0,0.0,
tt0160403,0.0,0.0,R
tt0160434,0.0,0.0,R
tt0160447,0.0,0.0,
tt0160484,31355910.0,50000000.0,R
tt0160495,0.0,12000000.0,R
tt0160547,0.0,0.0,
tt0160611,0.0,0.0,
tt0160616,0.0,800000.0,
tt0160644,0.0,0.0,
tt0160652,0.0,0.0,R
tt0160663,0.0,0.0,
tt0160710,0.0,0.0,PG-13
tt0160749,0.0,0.0,PG
tt0160751,0.0,0.0,
tt0160759,0.0,0.0,
tt0160797,71000000.0,60000000.0,R
tt0160859,0.0,0.0,
tt0161003,0.0,0.0,
tt0161081,291420351.0,100000000.0,PG-13
tt0161216,0.0,0.0,
tt0162222,429632142.0,90000000.0,
tt0162650,107626125.0,46000000.0,R
tt0162711,0.0,0.0,R
tt0162983,51880044.0,60000000.0,PG-13
tt0163080,0.0,0.0,
tt0163125,0.0,0.0,
tt0163566,0.0,0.0,
tt0163676,5217498.0,15000000.0,PG-13
tt0163745,0.0,1000000.0,R
tt0163978,144056873.0,40000000.0,R
tt0163983,0.0,40000000.0,R
tt0164052,190213455.0,95000000.0,
tt0164182,0.0,0.0,
tt0164192,0.0,0.0,
tt0164212,1308242.0,25000000.0,R
tt0164318,0.0,0.0,
tt0164545,0.0,0.0,
tt0164953,0.0,0.0,
tt0165400,0.0,0.0,
tt0165642,0.0,0.0,
tt0165800,0.0,0.0,
tt0165928,0.0,0.0,R
tt0165929,91036760.0,25000000.0,R
tt0166013,0.0,0.0,
tt0166192,0.0,0.0,
tt0166370,0.0,100000.0,
tt0167183,0.0,0.0,
tt0167203,14400327.0,34000000.0,PG-13
tt0168446,0.0,0.0,
tt0168504,0.0,0.0,R
tt0168509,0.0,0.0,
tt0168612,10000.0,10000.0,R
tt0168629,40031879.0,12800000.0,R
tt0168631,0.0,0.0,
tt0168714,0.0,0.0,
tt0168856,5595327.0,18000000.0,
tt0169122,0.0,0.0,
tt0169324,0.0,0.0,R
tt0169543,0.0,0.0,
tt0170016,345823040.0,123000000.0,PG
tt0170452,0.0,0.0,
tt0170691,148701.0,10000000.0,R
tt0171356,1631839.0,10000000.0,R
tt0171359,1568749.0,2000000.0,R
tt0171433,59945183.0,30000000.0,PG-13
tt0171580,0.0,24000000.0,R
tt0172464,0.0,0.0,
tt0172495,465361176.0,103000000.0,
tt0172632,0.0,0.0,
tt0172699,0.0,0.0,
tt0172794,0.0,0.0,R
tt0172949,0.0,100000.0,R
tt0173568,0.0,0.0,
tt0173716,0.0,10000000.0,R
tt0174336,0.0,3000000.0,R
tt0174480,0.0,65000000.0,PG-13
tt0174646,0.0,0.0,
tt0175114,0.0,0.0,
tt0175142,278019771.0,19000000.0,R
tt0176244,0.0,0.0,
tt0176579,0.0,0.0,R
tt0176783,5108820.0,14000000.0,R
tt0176883,0.0,0.0,PG
tt0177068,0.0,0.0,R
tt0177185,0.0,0.0,
tt0177195,0.0,30000.0,
tt0177213,0.0,0.0,
tt0177513,0.0,0.0,
tt0177650,146193.0,16000000.0,PG-13
tt0177845,0.0,0.0,
tt0177858,0.0,0.0,
tt0177888,27.0,0.0,R
tt0177971,325756637.0,120000000.0,PG-13
tt0178043,0.0,0.0,R
tt0178050,0.0,0.0,R
tt0179144,0.0,0.0,
tt0179183,0.0,11000000.0,R
tt0179400,0.0,0.0,
tt0179443,0.0,0.0,
tt0179473,0.0,4000000.0,
tt0179653,0.0,0.0,
tt0179861,0.0,0.0,
tt0180073,7060876.0,13500000.0,R
tt0180093,7400000.0,4500000.0,R
tt0180683,0.0,0.0,
tt0181151,0.0,60000000.0,R
tt0181311,0.0,0.0,
tt0181536,80049764.0,43000000.0,
tt0181836,0.0,0.0,R
tt0181865,207515725.0,48000000.0,R
tt0181875,47386287.0,60000000.0,R
tt0181945,0.0,0.0,
tt0181984,28780255.0,7000000.0,R
tt0182295,299792.0,13000000.0,
tt0182508,0.0,0.0,R
tt0183056,0.0,0.0,
tt0183113,0.0,0.0,
tt0183142,0.0,0.0,
tt0183280,0.0,0.0,R
tt0183423,0.0,0.0,R
tt0183488,0.0,0.0,
tt0183505,149270999.0,51000000.0,R
tt0183523,60874615.0,90000000.0,
tt0183550,0.0,0.0,
tt0183639,0.0,0.0,
tt0183659,10994533.0,6000000.0,R
tt0183808,0.0,3500000.0,
tt0183869,64400000.0,10500000.0,
tt0184457,0.0,0.0,
tt0184858,32168970.0,42000000.0,R
tt0184894,99274467.0,55000000.0,PG-13
tt0184907,62464731.0,13000000.0,PG
tt0185007,537.0,0.0,
tt0185014,0.0,35000000.0,R
tt0185183,29000000.0,73000000.0,PG-13
tt0185431,58292295.0,85000000.0,
tt0185542,0.0,0.0,
tt0186029,0.0,0.0,
tt0186045,15427192.0,6000000.0,PG-13
tt0186151,68106245.0,31000000.0,PG-13
tt0186183,0.0,700000.0,
tt0186454,0.0,0.0,
tt0186549,0.0,0.0,R
tt0186566,128884132.0,65000000.0,PG-13
tt0186719,0.0,0.0,
tt0186894,36779296.0,35000000.0,PG-13
tt0186975,0.0,9000000.0,PG-13
tt0187078,237202299.0,90000000.0,PG-13
tt0187251,0.0,0.0,
tt0187387,0.0,0.0,PG-13
tt0187393,215294342.0,110000000.0,R
tt0187559,0.0,3000000.0,R
tt0187696,0.0,0.0,R
tt0187750,0.0,0.0,R
tt0187761,0.0,0.0,
tt0187847,0.0,0.0,
tt0188045,0.0,10000000.0,
tt0188055,0.0,0.0,R
tt0188160,0.0,10000000.0,
tt0188490,0.0,0.0,
tt0188518,0.0,0.0,
tt0188688,0.0,0.0,
tt0189456,0.0,0.0,
tt0189998,8279017.0,8000000.0,R
tt0190052,0.0,0.0,
tt0190138,106371651.0,41300000.0,R
tt0190332,213525736.0,17000000.0,PG-13
tt0190374,15185241.0,35000000.0,PG-13
tt0190398,0.0,0.0,PG
tt0190449,0.0,0.0,
tt0190524,0.0,0.0,PG-13
tt0190590,71870729.0,26000000.0,PG-13
tt0190736,0.0,0.0,R
tt0190861,0.0,0.0,
tt0190865,215663859.0,75000000.0,PG-13
tt0190994,0.0,0.0,
tt0191037,14693.0,0.0,R
tt0191242,0.0,3500000.0,
tt0191397,50054511.0,50000000.0,PG-13
tt0191636,0.0,0.0,
tt0191754,62198945.0,43000000.0,PG-13
tt0191787,0.0,0.0,
tt0191996,0.0,0.0,R
tt0192126,0.0,0.0,
tt0192255,27965865.0,35000000.0,G
tt0192295,2061924.0,0.0,
tt0192346,0.0,0.0,
tt0192455,0.0,0.0,R
tt0192614,50802120.0,15000000.0,PG-13
tt0192719,0.0,0.0,
tt0192731,38574362.0,14000000.0,R
tt0192912,0.0,0.0,NR
tt0192949,0.0,0.0,
tt0193135,0.0,0.0,
tt0193318,0.0,0.0,
tt0193854,0.0,0.0,R
tt0193859,0.0,0.0,R
tt0194104,0.0,0.0,
tt0194218,779137.0,1000000.0,R
tt0194368,0.0,20000000.0,R
tt0194410,0.0,0.0,
tt0194519,0.0,0.0,NR
tt0195234,26330482.0,10000000.0,R
tt0195308,0.0,1250000.0,PG
tt0195631,0.0,0.0,
tt0195685,256271286.0,52000000.0,R
tt0195714,112880294.0,23000000.0,R
tt0195778,10873148.0,15000000.0,PG-13
tt0195857,0.0,500000.0,
tt0195860,0.0,0.0,
tt0195944,0.0,0.0,
tt0195945,59827328.0,11000000.0,R
tt0196106,1.0,4.0,PG
tt0196216,0.0,0.0,PG
tt0196219,0.0,0.0,R
tt0196223,0.0,0.0,NR
tt0196708,0.0,0.0,R
tt0196723,0.0,20000000.0,
tt0197072,0.0,0.0,
tt0197096,0.0,0.0,PG-13
tt0197299,0.0,0.0,
tt0197384,26394.0,0.0,R
tt0197644,0.0,0.0,R
tt0197646,0.0,0.0,
tt0197750,0.0,4000000.0,R
tt0197753,0.0,0.0,R
tt0198021,33771174.0,15000000.0,PG-13
tt0198284,0.0,0.0,R
tt0198386,0.0,0.0,PG-13
tt0198893,0.0,0.0,R
tt0198903,0.0,0.0,
tt0199129,0.0,0.0,R
tt0199290,9000000.0,6000000.0,R
tt0199314,802951.0,0.0,
tt0199504,0.0,0.0,
tt0199650,0.0,2000000.0,R
tt0199725,27728118.0,20000000.0,PG-13
tt0199727,0.0,0.0,
tt0199744,0.0,0.0,
tt0199753,33463969.0,80000000.0,PG-13
tt0199974,0.0,0.0,R
tt0200171,0.0,0.0,
tt0200192,0.0,0.0,
tt0200427,0.0,0.0,R
tt0200472,0.0,0.0,
tt0200530,0.0,0.0,R
tt0200550,113916474.0,45000000.0,PG-13
tt0200669,5753678.0,15000000.0,R
tt0200720,5164404.0,10000000.0,
tt0201670,0.0,0.0,
tt0201726,0.0,0.0,R
tt0201737,0.0,0.0,
tt0201888,0.0,0.0,
tt0201899,0.0,0.0,PG-13
tt0201901,0.0,0.0,
tt0202236,0.0,0.0,
tt0202314,0.0,0.0,
tt0202402,9902115.0,15000000.0,PG-13
tt0202452,0.0,0.0,
tt0202560,0.0,0.0,
tt0202641,0.0,0.0,
tt0202677,19125401.0,8500000.0,R
tt0202711,0.0,0.0,
tt0202856,0.0,0.0,
tt0202989,0.0,0.0,R
tt0203019,82343495.0,32000000.0,
tt0203047,0.0,0.0,
tt0203053,0.0,0.0,
tt0203119,0.0,5000000.0,R
tt0203166,0.0,0.0,R
tt0203230,0.0,0.0,R
tt0203297,0.0,0.0,
tt0203540,1443067.0,0.0,
tt0203580,0.0,0.0,
tt0203632,0.0,0.0,
tt0203830,0.0,0.0,R
tt0203835,0.0,0.0,
tt0203940,0.0,0.0,
tt0204137,43805.0,3600000.0,R
tt0204175,20627372.0,16000000.0,PG-13
tt0204350,1404.0,1200000.0,R
tt0204382,0.0,0.0,
tt0204626,0.0,33000000.0,R
tt0204640,1079726.0,0.0,R
tt0204698,0.0,0.0,
tt0204761,0.0,0.0,
tt0204885,0.0,0.0,
tt0204932,0.0,0.0,
tt0204933,0.0,0.0,
tt0204946,90449929.0,28000000.0,PG-13
tt0205177,0.0,0.0,
tt0205271,22844291.0,23000000.0,R
tt0205418,0.0,0.0,R
tt0205461,19748009.0,19000000.0,G
tt0205526,0.0,0.0,
tt0205729,0.0,0.0,
tt0205778,0.0,0.0,
tt0205873,0.0,0.0,PG-13
tt0205936,0.0,500000.0,
tt0206075,0.0,0.0,PG-13
tt0206088,0.0,0.0,
tt0206223,0.0,0.0,
tt0206226,268117.0,1500000.0,NR
tt0206420,10194274.0,8000000.0,R
tt0206545,0.0,0.0,
tt0206608,0.0,0.0,
tt0206694,0.0,0.0,
tt0206742,0.0,0.0,
tt0206917,1800000.0,20170000.0,
tt0206926,0.0,0.0,R
tt0207036,0.0,0.0,R
tt0207161,0.0,0.0,PG
tt0207163,0.0,0.0,
tt0207201,374111707.0,70000000.0,
tt0207333,0.0,1500000.0,PG
tt0207377,0.0,0.0,
tt0207501,0.0,0.0,
tt0207524,0.0,7300000.0,R
tt0207631,0.0,0.0,
tt0207638,0.0,0.0,
tt0207745,0.0,0.0,
tt0208003,173959438.0,30000000.0,PG-13
tt0208017,0.0,0.0,
tt0208037,0.0,0.0,R
tt0208050,0.0,0.0,
tt0208092,83557872.0,10000000.0,R
tt0208196,688510.0,0.0,R
tt0208204,0.0,0.0,
tt0208870,5659.0,0.0,
tt0208874,22428990.0,20000000.0,R
tt0208883,0.0,0.0,
tt0208889,0.0,0.0,
tt0208911,0.0,0.0,R
tt0208942,0.0,0.0,
tt0208988,19412993.0,63600000.0,R
tt0208993,0.0,0.0,
tt0209037,0.0,0.0,R
tt0209144,39723096.0,9000000.0,
tt0209180,0.0,0.0,
tt0209279,0.0,0.0,
tt0209322,0.0,0.0,R
tt0209958,104155843.0,33000000.0,R
tt0210065,30915.0,0.0,
tt0210070,0.0,5000000.0,R
tt0210075,0.0,0.0,R
tt0210149,0.0,0.0,
tt0210299,0.0,0.0,
tt0210357,0.0,0.0,PG
tt0210358,1433668.0,0.0,PG-13
tt0210382,109130.0,16000000.0,R
tt0210567,0.0,0.0,PG-13
tt0210584,0.0,0.0,PG-13
tt0210616,26385941.0,29000000.0,PG-13
tt0210756,0.0,0.0,
tt0210945,136706683.0,30000000.0,PG
tt0210952,0.0,0.0,
tt0211181,183611771.0,85000000.0,G
tt0211296,0.0,0.0,
tt0211309,0.0,0.0,
tt0211387,0.0,0.0,
tt0211492,0.0,1864747.0,
tt0211661,0.0,0.0,R
tt0211718,124994.0,0.0,
tt0211919,0.0,0.0,
tt0211938,15500000.0,35000000.0,R
tt0211941,0.0,0.0,R
tt0212059,0.0,2500000.0,R
tt0212215,0.0,0.0,
tt0212338,330444045.0,55000000.0,PG-13
tt0212346,212000000.0,45000000.0,PG-13
tt0212604,466664.0,0.0,
tt0212667,0.0,0.0,
tt0212719,0.0,0.0,
tt0212742,0.0,0.0,R
tt0212815,512451.0,0.0,
tt0212826,706876.0,5500000.0,
tt0212830,0.0,5000000.0,R
tt0212879,0.0,500000.0,R
tt0212881,0.0,0.0,
tt0212974,0.0,0.0,R
tt0213127,0.0,0.0,R
tt0213203,103291131.0,30000000.0,G
tt0213231,0.0,0.0,NR
tt0213446,0.0,0.0,
tt0213561,0.0,0.0,
tt0213690,0.0,0.0,
tt0213790,13700000.0,24000000.0,R
tt0213847,14493284.0,0.0,R
tt0213890,0.0,4000000.0,PG
tt0214140,0.0,0.0,
tt0214277,0.0,4500000.0,
tt0214388,0.0,0.0,R
tt0214548,0.0,0.0,
tt0214638,0.0,0.0,NC-17
tt0214646,0.0,0.0,
tt0214728,0.0,0.0,
tt0214757,0.0,0.0,Unrated
tt0214871,0.0,3000000.0,
tt0214878,0.0,0.0,
tt0215129,119754278.0,16000000.0,R
tt0215223,0.0,0.0,
tt0215232,0.0,0.0,R
tt0215458,0.0,0.0,
tt0215545,0.0,0.0,R
tt0215679,0.0,0.0,
tt0215681,0.0,0.0,
tt0215841,0.0,0.0,
tt0215941,0.0,0.0,
tt0216105,0.0,0.0,R
tt0216216,96085477.0,82000000.0,PG-13
tt0216250,0.0,0.0,
tt0216279,0.0,0.0,
tt0216417,0.0,0.0,
tt0216522,0.0,0.0,
tt0216578,0.0,0.0,
tt0216587,0.0,0.0,
tt0216605,0.0,0.0,
tt0216620,0.0,2500000.0,R
tt0216625,95242.0,0.0,
tt0216651,151086.0,0.0,R
tt0216669,0.0,0.0,
tt0216689,0.0,0.0,
tt0216772,0.0,0.0,R
tt0216787,0.0,0.0,
tt0216799,0.0,0.0,
tt0216800,3818452.0,0.0,
tt0216841,0.0,6850000.0,
tt0216890,0.0,0.0,
tt0216930,0.0,0.0,R
tt0216990,0.0,0.0,
tt0217019,0.0,0.0,
tt0217086,0.0,0.0,R
tt0217107,1160268.0,200000.0,R
tt0217119,0.0,0.0,
tt0217287,0.0,0.0,
tt0217331,0.0,0.0,R
tt0217355,0.0,0.0,
tt0217621,0.0,0.0,R
tt0217630,0.0,0.0,PG-13
tt0217654,0.0,0.0,
tt0217756,12372410.0,24000000.0,PG-13
tt0217758,0.0,0.0,
tt0217780,0.0,0.0,
tt0217788,4275.0,0.0,
tt0217869,248118121.0,75000000.0,PG-13
tt0218067,0.0,0.0,
tt0218080,0.0,0.0,R
tt0218112,0.0,0.0,
tt0218138,0.0,1000000.0,
tt0218141,0.0,0.0,
tt0218182,0.0,0.0,R
tt0218298,0.0,0.0,NR
tt0218378,0.0,0.0,R
tt0218379,0.0,0.0,
tt0218426,0.0,0.0,
tt0218475,0.0,0.0,
tt0218533,0.0,0.0,
tt0218581,0.0,0.0,
tt0218616,0.0,0.0,
tt0218625,0.0,250000.0,PG-13
tt0218641,0.0,0.0,
tt0218741,0.0,0.0,
tt0218800,0.0,4800000.0,
tt0218839,0.0,0.0,PG-13
tt0218967,124700000.0,60000000.0,PG-13
tt0219210,0.0,0.0,
tt0219214,0.0,0.0,
tt0219223,0.0,0.0,
tt0219288,0.0,0.0,
tt0219333,0.0,0.0,
tt0219338,0.0,0.0,
tt0219469,0.0,0.0,
tt0219519,0.0,0.0,
tt0219636,0.0,850000.0,R
tt0219640,0.0,0.0,R
tt0219643,0.0,0.0,
tt0219653,47053625.0,28000000.0,R
tt0219699,12008642.0,10000000.0,R
tt0219854,110317580.0,65000000.0,
tt0219952,0.0,65000000.0,R
tt0220099,45554533.0,30000000.0,G
tt0220100,0.0,4000000.0,R
tt0220157,0.0,0.0,
tt0220332,0.0,0.0,
tt0220399,0.0,0.0,
tt0220627,0.0,0.0,
tt0220631,0.0,0.0,
tt0220651,0.0,0.0,
tt0220652,0.0,0.0,
tt0221069,0.0,0.0,R
tt0221073,236185.0,0.0,
tt0221197,0.0,0.0,
tt0221431,0.0,0.0,
tt0221563,0.0,0.0,
tt0221823,0.0,0.0,
tt0221838,0.0,0.0,
tt0221885,0.0,0.0,
tt0221889,313768.0,0.0,R
tt0221928,676805.0,0.0,
tt0221982,0.0,0.0,
tt0222012,4900000.0,3900000.0,PG-13
tt0222020,0.0,0.0,
tt0222023,0.0,0.0,
tt0222150,0.0,0.0,
tt0222270,0.0,0.0,
tt0222293,0.0,0.0,
tt0222375,0.0,6000000.0,
tt0222666,0.0,0.0,
tt0222717,0.0,0.0,NC-17
tt0222719,0.0,0.0,R
tt0222850,1744858.0,1000000.0,R
tt0222851,15250000.0,12000000.0,
tt0222989,0.0,0.0,
tt0223268,0.0,0.0,
tt0223593,10000000.0,0.0,
tt0223744,0.0,0.0,R
tt0223856,0.0,0.0,
tt0223889,0.0,0.0,R
tt0223897,55707411.0,40000000.0,PG-13
tt0223911,0.0,0.0,
tt0223954,0.0,0.0,R
tt0224050,0.0,0.0,
tt0224086,0.0,0.0,R
tt0224394,0.0,0.0,
tt0224578,0.0,0.0,PG-13
tt0224755,0.0,0.0,
tt0225196,0.0,0.0,
tt0226094,0.0,0.0,R
tt0226198,0.0,0.0,
tt0226225,0.0,0.0,
tt0226238,0.0,0.0,
tt0226351,0.0,0.0,
tt0226430,0.0,0.0,
tt0226498,0.0,0.0,NR
tt0226708,0.0,0.0,
tt0227200,0.0,0.0,
tt0227224,0.0,0.0,
tt0227277,0.0,0.0,R
tt0227458,0.0,0.0,
tt0228004,0.0,0.0,
tt0228054,0.0,0.0,
tt0228121,0.0,0.0,
tt0228180,0.0,0.0,
tt0228242,0.0,0.0,
tt0228277,0.0,500000.0,
tt0228525,0.0,0.0,
tt0228687,0.0,0.0,
tt0228720,0.0,0.0,PG
tt0228750,0.0,65000000.0,R
tt0228786,0.0,2365000.0,R
tt0228871,0.0,0.0,
tt0228891,0.0,0.0,
tt0228982,0.0,0.0,
tt0228992,0.0,0.0,
tt0229226,0.0,0.0,
tt0229260,47737094.0,15000000.0,R
tt0229340,1075504.0,2000000.0,R
tt0229362,0.0,0.0,R
tt0229664,0.0,0.0,
tt0229752,0.0,0.0,
tt0229942,0.0,0.0,
tt0230030,90383208.0,48000000.0,PG-13
tt0230169,5708.0,0.0,
tt0230183,0.0,0.0,
tt0230189,0.0,0.0,
tt0230252,0.0,0.0,
tt0230308,0.0,0.0,
tt0230631,0.0,0.0,
tt0230753,0.0,0.0,
tt0230783,0.0,0.0,
tt0231138,0.0,0.0,
tt0231153,0.0,0.0,
tt0231496,0.0,0.0,
tt0231615,0.0,0.0,
tt0231781,0.0,0.0,NR
tt0231956,0.0,0.0,
tt0231971,0.0,0.0,
tt0232079,0.0,0.0,
tt0232083,0.0,0.0,NR
tt0232465,0.0,0.0,
tt0232657,0.0,0.0,R
tt0232957,0.0,0.0,NR
tt0233289,0.0,0.0,
tt0233402,0.0,0.0,
tt0233569,0.0,0.0,R
tt0233600,0.0,0.0,
tt0233651,0.0,0.0,
tt0233656,0.0,0.0,
tt0233699,112521.0,0.0,PG-13
tt0233764,0.0,0.0,
tt0233910,0.0,0.0,
tt0233954,0.0,0.0,
tt0234000,0.0,0.0,
tt0234058,0.0,0.0,
tt0234137,580372.0,0.0,
tt0234288,0.0,0.0,
tt0234393,0.0,0.0,
tt0234407,0.0,0.0,
tt0234499,0.0,0.0,
tt0234570,0.0,0.0,PG
tt0234652,0.0,3000000.0,
tt0234663,0.0,0.0,
tt0234750,0.0,0.0,
tt0234805,671565.0,0.0,
tt0234811,0.0,0.0,
tt0234837,0.0,0.0,
tt0234853,4.0,0.0,R
tt0235079,0.0,0.0,
tt0235252,0.0,0.0,R
tt0235353,0.0,0.0,R
tt0235547,0.0,0.0,
tt0235618,0.0,0.0,
tt0235679,68411275.0,16000000.0,G
tt0235712,11918069.0,6000000.0,NR
tt0235953,0.0,0.0,
tt0235982,0.0,0.0,
tt0236019,0.0,0.0,
tt0236027,0.0,0.0,
tt0236034,0.0,0.0,
tt0236167,0.0,0.0,
tt0236432,0.0,0.0,
tt0236502,0.0,0.0,
tt0237121,0.0,0.0,
tt0237539,8478434.0,0.0,
tt0237680,0.0,1850000.0,
tt0237706,0.0,0.0,R
tt0237865,0.0,0.0,
tt0238119,0.0,0.0,
tt0238247,0.0,0.0,PG
tt0238251,0.0,0.0,
tt0238274,0.0,0.0,
tt0238276,0.0,0.0,
tt0238295,0.0,0.0,
tt0238321,47027.0,0.0,R
tt0238463,0.0,0.0,R
tt0238474,0.0,0.0,
tt0238588,0.0,0.0,PG
tt0238627,0.0,0.0,R
tt0238649,0.0,0.0,
tt0238660,0.0,0.0,PG
tt0238743,0.0,0.0,R
tt0238883,1080000.0,1500000.0,
tt0238891,1805884.0,0.0,
tt0238994,0.0,0.0,
tt0239102,0.0,0.0,
tt0239267,0.0,0.0,
tt0239381,126783.0,0.0,NR
tt0239388,0.0,0.0,
tt0239406,0.0,0.0,
tt0239431,0.0,0.0,
tt0239450,0.0,0.0,
tt0239522,0.0,0.0,
tt0239792,0.0,0.0,
tt0239955,0.0,0.0,
tt0240156,0.0,0.0,
tt0240400,0.0,0.0,
tt0240500,0.0,0.0,R
tt0240509,0.0,0.0,
tt0240585,0.0,0.0,R
tt0240802,0.0,0.0,R
tt0240880,0.0,0.0,
tt0240913,0.0,0.0,NR
tt0241079,0.0,0.0,
tt0241142,0.0,0.0,
tt0241272,0.0,0.0,
tt0241303,152500343.0,25000000.0,
tt0241526,0.0,0.0,
tt0241657,0.0,0.0,
tt0242024,0.0,0.0,
tt0242337,0.0,0.0,
tt0242380,0.0,0.0,
tt0242423,73180723.0,13000000.0,PG-13
tt0242460,0.0,0.0,
tt0242519,0.0,0.0,
tt0242572,500000.0,500000.0,
tt0242716,0.0,0.0,R
tt0242795,326484.0,0.0,NR
tt0243116,0.0,0.0,
tt0243135,0.0,0.0,
tt0243171,0.0,0.0,
tt0243196,0.0,0.0,
tt0243327,0.0,0.0,
tt0243415,173599.0,600000.0,PG-13
tt0243441,0.0,0.0,
tt0243452,0.0,0.0,
tt0243465,0.0,0.0,
tt0243483,0.0,0.0,
tt0243573,0.0,0.0,
tt0243650,0.0,0.0,R
tt0243794,100957.0,0.0,
tt0243876,0.0,0.0,
tt0243889,0.0,0.0,
tt0243927,0.0,0.0,
tt0244092,0.0,0.0,
tt0244095,0.0,0.0,
tt0244196,0.0,0.0,R
tt0244316,0.0,0.0,
tt0244417,0.0,0.0,
tt0244437,0.0,0.0,
tt0244504,560943.0,1900000.0,
tt0244684,0.0,0.0,R
tt0244870,0.0,1000000.0,
tt0244884,0.0,0.0,
tt0245036,0.0,0.0,
tt0245062,0.0,0.0,
tt0245299,0.0,0.0,
tt0245348,0.0,0.0,
tt0245582,0.0,0.0,
tt0245712,20908467.0,2000000.0,R
tt0245724,0.0,0.0,
tt0245759,0.0,0.0,
tt0245825,0.0,0.0,
tt0245837,0.0,0.0,
tt0245910,0.0,0.0,
tt0245929,0.0,0.0,
tt0246072,0.0,0.0,
tt0246124,0.0,0.0,NR
tt0246146,0.0,0.0,
tt0246266,0.0,0.0,
tt0246323,0.0,600000.0,
tt0246332,0.0,0.0,R
tt0246405,0.0,0.0,
tt0246411,0.0,0.0,
tt0246498,0.0,0.0,
tt0246593,0.0,0.0,
tt0246765,0.0,0.0,
tt0246776,0.0,0.0,
tt0246870,0.0,0.0,
tt0246875,0.0,0.0,
tt0246906,0.0,0.0,
tt0247061,0.0,0.0,
tt0247153,0.0,0.0,
tt0247196,8524534.0,0.0,R
tt0247586,12413888.0,1300000.0,R
tt0247796,0.0,0.0,
tt0247887,0.0,0.0,
tt0247953,0.0,0.0,
tt0247992,0.0,0.0,
tt0248099,0.0,0.0,
tt0248103,0.0,3000000.0,
tt0248180,0.0,0.0,
tt0248185,0.0,0.0,
tt0248254,0.0,0.0,
tt0248409,0.0,0.0,
tt0248626,0.0,0.0,
tt0248628,0.0,0.0,
tt0248925,0.0,0.0,
tt0249172,0.0,0.0,
tt0249238,0.0,0.0,
tt0249241,64974.0,0.0,
tt0249380,940944.0,0.0,
tt0249412,0.0,0.0,
tt0249443,0.0,0.0,
tt0249462,109280263.0,5000000.0,
tt0249538,0.0,0.0,NR
tt0249757,0.0,0.0,
tt0249868,0.0,0.0,
tt0249892,0.0,0.0,R
tt0249893,0.0,0.0,PG-13
tt0250313,0.0,0.0,
tt0250343,0.0,0.0,
tt0250415,12000000.0,0.0,
tt0250445,0.0,0.0,
tt0250451,0.0,0.0,
tt0250478,0.0,0.0,NR
tt0250690,0.0,0.0,
tt0250774,0.0,0.0,
tt0250809,0.0,0.0,R
tt0250944,0.0,0.0,
tt0251004,0.0,0.0,
tt0251005,0.0,0.0,
tt0251046,0.0,0.0,
tt0251091,0.0,0.0,
tt0251094,0.0,0.0,
tt0251191,32395.0,0.0,
tt0251353,0.0,0.0,
tt0251402,0.0,0.0,
tt0251412,0.0,0.0,R
tt0251422,0.0,0.0,
tt0251433,0.0,0.0,
tt0251756,10000000.0,2300000.0,
tt0252327,0.0,0.0,
tt0252335,0.0,0.0,
tt0252445,0.0,0.0,R
tt0252703,0.0,0.0,
tt0252884,0.0,0.0,
tt0252985,0.0,0.0,
tt0253056,0.0,0.0,
tt0253063,0.0,0.0,
tt0253104,0.0,0.0,
tt0253110,0.0,0.0,R
tt0253378,0.0,0.0,
tt0253486,0.0,0.0,
tt0253525,0.0,0.0,
tt0253700,0.0,120000.0,
tt0253842,0.0,0.0,
tt0254325,0.0,0.0,
tt0254705,0.0,0.0,
tt0255019,0.0,0.0,
tt0255067,0.0,0.0,
tt0255094,0.0,0.0,
tt0255112,0.0,0.0,
tt0255198,11068800.0,8300000.0,NR
tt0255305,0.0,0.0,
tt0255321,0.0,0.0,
tt0255325,0.0,0.0,
tt0255476,0.0,0.0,
tt0255589,24963.0,50000.0,
tt0256087,0.0,0.0,
tt0256127,0.0,0.0,
tt0256179,0.0,0.0,
tt0256375,0.0,0.0,R
tt0256378,0.0,0.0,
tt0256587,0.0,0.0,
tt0256630,0.0,0.0,
tt0256757,0.0,0.0,
tt0257255,0.0,1500000.0,
tt0257288,0.0,0.0,
tt0257289,0.0,0.0,
tt0257497,0.0,0.0,
tt0257818,0.0,0.0,
tt0257939,42250.0,0.0,
tt0258210,0.0,0.0,
tt0258247,0.0,0.0,NR
tt0258489,0.0,0.0,
tt0258501,0.0,0.0,
tt0258562,0.0,0.0,
tt0258635,0.0,0.0,
tt0258761,0.0,0.0,
tt0258854,190441.0,77575.0,
tt0258862,0.0,0.0,
tt0258883,0.0,0.0,
tt0258885,0.0,0.0,
tt0259023,0.0,0.0,
tt0259072,0.0,0.0,
tt0259216,0.0,0.0,NR
tt0259221,0.0,0.0,
tt0259255,0.0,0.0,NR
tt0259265,0.0,0.0,
tt0259333,0.0,0.0,
tt0259343,0.0,0.0,
tt0259442,6831.0,0.0,
tt0259516,0.0,0.0,
tt0259741,0.0,0.0,
tt0259744,0.0,0.0,
tt0259974,16600000.0,5500000.0,PG
tt0260054,0.0,0.0,
tt0260332,0.0,0.0,
tt0260481,0.0,0.0,
tt0260594,0.0,0.0,
tt0260688,0.0,0.0,
tt0260731,0.0,0.0,
tt0260960,0.0,0.0,
tt0260991,0.0,12500000.0,
tt0260992,0.0,0.0,
tt0261000,0.0,0.0,
tt0261125,0.0,0.0,
tt0261199,0.0,0.0,
tt0261326,0.0,0.0,
tt0261375,0.0,0.0,
tt0261552,0.0,0.0,
tt0261734,0.0,0.0,
tt0261959,0.0,0.0,
tt0262196,0.0,300000.0,
tt0262213,0.0,0.0,
tt0262221,0.0,0.0,R
tt0262222,0.0,0.0,
tt0262432,241816.0,42000.0,
tt0262560,0.0,1.0,
tt0262690,0.0,0.0,
tt0262774,0.0,0.0,
tt0263005,0.0,0.0,
tt0263101,0.0,0.0,
tt0263156,0.0,0.0,
tt0263334,0.0,0.0,
tt0263667,0.0,0.0,
tt0263868,0.0,0.0,
tt0263971,0.0,0.0,
tt0264079,0.0,0.0,
tt0264335,0.0,0.0,
tt0264581,0.0,0.0,
tt0264675,0.0,0.0,R
tt0264692,0.0,0.0,
tt0264710,0.0,0.0,
tt0264916,0.0,0.0,
tt0264927,0.0,0.0,
tt0265018,0.0,0.0,PG-13
tt0265101,0.0,0.0,
tt0265107,0.0,0.0,
tt0265180,0.0,0.0,R
tt0265221,0.0,0.0,
tt0265357,0.0,0.0,R
tt0265496,0.0,0.0,
tt0265663,0.0,0.0,
tt0265675,0.0,0.0,
tt0265739,0.0,0.0,
tt0265828,0.0,0.0,
tt0265843,0.0,0.0,
tt0266054,0.0,0.0,
tt0266067,0.0,0.0,
tt0266308,30600000.0,4500000.0,NR
tt0266381,0.0,0.0,
tt0266408,145969.0,13500000.0,R
tt0266555,0.0,0.0,
tt0266634,0.0,0.0,
tt0266703,0.0,0.0,
tt0266705,0.0,0.0,
tt0266719,0.0,0.0,
tt0266821,0.0,0.0,
tt0266870,0.0,0.0,
tt0266945,0.0,0.0,
tt0267427,0.0,0.0,
tt0267490,0.0,0.0,
tt0267601,0.0,500000.0,
tt0267622,0.0,0.0,
tt0267784,0.0,0.0,
tt0267929,0.0,0.0,
tt0267959,0.0,0.0,
tt0268424,0.0,0.0,
tt0268509,0.0,0.0,
tt0268696,0.0,0.0,
tt0268776,0.0,0.0,
tt0269043,0.0,0.0,
tt0269084,0.0,0.0,
tt0269135,0.0,0.0,
tt0269182,0.0,0.0,
tt0269217,0.0,0.0,NR
tt0269411,0.0,0.0,
tt0269546,0.0,0.0,
tt0269600,0.0,0.0,
tt0269642,0.0,0.0,
tt0269743,0.0,0.0,
tt0269763,0.0,2000000.0,
tt0269839,0.0,0.0,
tt0269856,0.0,0.0,
tt0269857,0.0,0.0,
tt0269876,0.0,0.0,
tt0270021,0.0,0.0,
tt0270059,0.0,0.0,
tt0270104,0.0,0.0,
tt0270348,0.0,0.0,
tt0270397,0.0,0.0,
tt0270500,0.0,0.0,
tt0270560,0.0,0.0,G
tt0270845,0.0,0.0,
tt0270880,0.0,0.0,
tt0270919,0.0,0.0,
tt0270933,0.0,0.0,PG-13
tt0270989,0.0,0.0,
tt0271029,0.0,0.0,
tt0271193,0.0,0.0,
tt0271383,4903192.0,0.0,
tt0271719,0.0,0.0,
tt0272822,0.0,0.0,
tt0273259,0.0,0.0,
tt0273302,0.0,0.0,
tt0273514,0.0,0.0,
tt0273539,0.0,1750000.0,
tt0273567,0.0,0.0,
tt0274541,0.0,0.0,
tt0274626,0.0,0.0,
tt0274716,1200000.0,250000.0,
tt0274748,0.0,0.0,
tt0274947,0.0,0.0,
tt0275230,0.0,0.0,PG-13
tt0275538,0.0,0.0,
tt0275615,0.0,0.0,
tt0275735,0.0,0.0,
tt0275773,0.0,400000.0,
tt0275969,0.0,0.0,
tt0276226,0.0,0.0,
tt0276504,0.0,0.0,
tt0276637,0.0,0.0,
tt0277558,0.0,0.0,
tt0277799,0.0,0.0,
tt0277919,0.0,0.0,
tt0278162,0.0,0.0,
tt0278351,0.0,0.0,
tt0278380,0.0,0.0,
tt0278666,0.0,0.0,
tt0278818,0.0,0.0,
tt0279809,0.0,0.0,R
tt0279960,0.0,0.0,
tt0279998,0.0,0.0,
tt0280140,0.0,0.0,
tt0280198,0.0,0.0,
tt0280465,0.0,0.0,
tt0280697,0.0,0.0,
tt0280791,0.0,30.0,
tt0282023,0.0,1000000.0,
tt0282159,0.0,0.0,
tt0282363,0.0,0.0,
tt0282455,0.0,0.0,
tt0282542,0.0,0.0,
tt0282599,0.0,0.0,
tt0282753,0.0,0.0,
tt0283037,0.0,0.0,
tt0283510,0.0,0.0,
tt0284235,0.0,0.0,
tt0284451,0.0,0.0,
tt0284469,1825000.0,0.0,
tt0284839,0.0,0.0,
tt0284878,0.0,0.0,
tt0284880,0.0,0.0,R
tt0285005,0.0,0.0,
tt0285242,0.0,0.0,PG-13
tt0285281,0.0,0.0,
tt0285896,0.0,0.0,
tt0285999,0.0,0.0,
tt0286553,0.0,0.0,
tt0289074,0.0,0.0,
tt0290298,0.0,0.0,
tt0291043,0.0,0.0,
tt0291962,0.0,0.0,
tt0292008,0.0,0.0,
tt0292718,0.0,0.0,
tt0292997,0.0,0.0,
tt0293300,0.0,0.0,
tt0293831,0.0,0.0,
tt0293854,0.0,0.0,G
tt0293865,0.0,0.0,
tt0293984,0.0,0.0,
tt0294604,0.0,0.0,
tt0294897,0.0,0.0,NC-17
tt0295362,0.0,0.0,
tt0297041,0.0,0.0,
tt0297071,0.0,0.0,
tt0297163,0.0,0.0,
tt0297699,0.0,0.0,
tt0298505,0.0,0.0,
tt0300525,0.0,0.0,
tt0301083,0.0,0.0,
tt0301479,0.0,0.0,
tt0301527,0.0,0.0,
tt0301770,0.0,0.0,
tt0301911,0.0,0.0,
tt0303243,240093.0,1900000.0,
tt0303274,0.0,0.0,
tt0304809,0.0,0.0,
tt0305211,0.0,0.0,
tt0305793,0.0,12.0,
tt0306874,0.0,0.0,
tt0309059,0.0,0.0,
tt0311582,0.0,0.0,
tt0311740,0.0,0.0,
tt0311792,0.0,0.0,
tt0312408,0.0,0.0,
tt0314079,0.0,0.0,
tt0314230,0.0,0.0,
tt0315253,0.0,0.0,
tt0315375,0.0,0.0,
tt0317079,0.0,0.0,
tt0318844,0.0,0.0,
tt0320187,0.0,40000.0,NR
tt0322852,0.0,0.0,
tt0325174,0.0,0.0,
tt0325181,0.0,0.0,
tt0325758,0.0,0.0,NR
tt0326745,0.0,0.0,
tt0326756,0.0,0.0,
tt0330501,196200.0,0.0,
tt0330796,0.0,0.0,
tt0330994,0.0,0.0,
tt0331441,0.0,0.0,
tt0331906,0.0,0.0,
tt0331997,0.0,0.0,
tt0335053,0.0,0.0,
tt0338679,0.0,0.0,
tt0343392,0.0,0.0,
tt0345885,0.0,0.0,
tt0345975,0.0,0.0,
tt0346154,0.0,250000.0,
tt0347161,0.0,0.0,
tt0348087,0.0,0.0,
tt0349092,0.0,0.0,
tt0351694,0.0,0.0,
tt0353523,0.0,0.0,
tt0353533,0.0,0.0,
tt0354894,0.0,0.0,
tt0355430,0.0,0.0,
tt0355449,0.0,0.0,
tt0356741,0.0,0.0,
tt0359190,0.0,0.0,
tt0361277,0.0,0.0,
tt0361818,0.0,0.0,
tt0365581,0.0,0.0,NR
tt0367699,0.0,0.0,
tt0368561,0.0,0.0,
tt0368906,0.0,0.0,
tt0370584,0.0,0.0,
tt0379955,0.0,0.0,
tt0380565,0.0,0.0,
tt0389238,0.0,0.0,
tt0395701,0.0,0.0,
tt0405312,0.0,0.0,
tt0412677,0.0,0.0,
tt0424986,0.0,0.0,
tt0434857,0.0,400.0,
tt0445061,0.0,0.0,
tt0446464,0.0,0.0,
tt0447604,0.0,0.0,
tt0451229,0.0,0.0,
tt0461021,0.0,0.0,
tt0477475,0.0,0.0,NR
tt0479692,0.0,0.0,
tt0487130,0.0,0.0,
tt0489447,0.0,0.0,
tt0494966,0.0,0.0,
tt0784145,0.0,0.0,
tt0814243,0.0,0.0,PG-13
tt0856262,0.0,0.0,
tt0885526,0.0,0.0,
tt0903904,0.0,0.0,
tt0929287,0.0,0.0,
tt10137486,0.0,0.0,
tt1016145,0.0,0.0,
tt1020063,0.0,0.0,
tt1020940,0.0,94.0,NR
tt1068773,0.0,0.0,PG-13
tt10706980,0.0,0.0,
tt10718254,0.0,0.0,
tt1080035,0.0,0.0,
tt10875196,0.0,0.0,
tt1091840,0.0,0.0,
tt1147513,0.0,0.0,
tt12695338,0.0,0.0,NR
tt1291055,0.0,0.0,G
tt12940124,0.0,0.0,NR
tt1315895,0.0,0.0,
tt13964346,0.0,0.0,
tt1400508,0.0,0.0,
tt14438542,0.0,0.0,
tt14739558,0.0,0.0,
tt1601221,0.0,0.0,
tt16034784,0.0,0.0,NR
tt1604585,0.0,0.0,
tt1632588,0.0,0.0,
tt1703099,0.0,0.0,
tt1796494,0.0,0.0,
tt1796560,0.0,0.0,
tt1831837,0.0,0.0,
tt1934227,0.0,0.0,
tt2004196,0.0,0.0,
tt2014238,0.0,0.0,
tt20852180,0.0,0.0,
tt2131677,0.0,0.0,
tt2156981,0.0,0.0,
tt2158453,0.0,0.0,
tt2180441,0.0,0.0,
tt2199776,0.0,0.0,
tt2266849,0.0,0.0,
tt2300977,0.0,0.0,
tt2385237,0.0,0.0,
tt2402945,0.0,0.0,
tt2661416,0.0,0.0,
tt2759362,0.0,0.0,
tt3034558,0.0,0.0,
tt3067204,0.0,0.0,NR
tt3186794,0.0,0.0,
tt3204902,0.0,0.0,
tt3379736,0.0,0.0,
tt3508164,0.0,0.0,
tt3560694,0.0,0.0,
tt3626868,0.0,0.0,
tt4018476,0.0,0.0,
tt4036796,0.0,0.0,
tt4056390,0.0,0.0,
tt4164572,8.0,0.0,
tt4245838,0.0,0.0,
tt4472100,0.0,0.0,
tt4518384,0.0,0.0,
tt4794734,0.0,0.0,
tt5483330,0.0,0.0,
tt5493684,0.0,0.0,
tt6174238,0.0,0.0,
tt7029820,0.0,7000.0,
tt7197642,0.0,0.0,
tt7802790,0.0,0.0,
tt0035423,76019048.0,48000000.0,PG-13
tt0114447,0.0,0.0,
tt0118589,5271666.0,22000000.0,PG-13
tt0118652,0.0,1000000.0,R
tt0119004,6297.0,0.0,
tt0120166,0.0,0.0,NR
tt0120624,0.0,0.0,
tt0120681,74558115.0,35000000.0,R
tt0120737,871368364.0,93000000.0,PG-13
tt0120807,0.0,0.0,
tt0120824,24690441.0,38000000.0,R
tt0123581,0.0,0.0,
tt0124889,0.0,0.0,
tt0125022,57756408.0,35000000.0,PG-13
tt0126029,487853320.0,60000000.0,PG
tt0126899,0.0,150000.0,
tt0128165,0.0,0.0,
tt0132078,0.0,0.0,PG-13
tt0132245,54744738.0,94000000.0,
tt0133063,0.0,0.0,
tt0133152,362211740.0,100000000.0,PG-13
tt0139654,104900000.0,45000000.0,R
tt0141120,0.0,0.0,
tt0141907,10372291.0,90000000.0,R
tt0146316,274703340.0,115000000.0,PG-13
tt0148415,0.0,0.0,
tt0150021,0.0,10000000.0,R
tt0152083,0.0,0.0,
tt0153533,0.0,0.0,
tt0157007,0.0,1400000.0,
tt0157583,15705007.0,0.0,R
tt0159273,91753202.0,40000000.0,PG-13
tt0159378,0.0,0.0,
tt0160275,0.0,0.0,
tt0160399,8694320.0,40000000.0,PG-13
tt0160905,0.0,0.0,
tt0161083,38400000.0,60000000.0,PG-13
tt0161860,0.0,0.0,R
tt0162030,0.0,0.0,R
tt0162203,0.0,0.0,
tt0162346,8800000.0,7000000.0,
tt0163025,368780809.0,93000000.0,PG-13
tt0163246,0.0,0.0,
tt0163596,0.0,0.0,
tt0163764,0.0,0.0,
tt0164334,105178561.0,60000000.0,R
tt0164961,13240767.0,0.0,R
tt0165452,0.0,0.0,R
tt0165713,0.0,0.0,
tt0166110,7316658.0,10000000.0,R
tt0166158,6718.0,4000000.0,
tt0166186,0.0,100.0,
tt0166276,5409517.0,75000000.0,PG-13
tt0166924,20271129.0,15000000.0,
tt0167360,0.0,0.0,PG
tt0169102,8100000.0,5200000.0,PG
tt0170008,0.0,0.0,NR
tt0170367,0.0,380000.0,
tt0171339,0.0,0.0,
tt0172543,0.0,0.0,
tt0172995,0.0,0.0,
tt0173498,0.0,0.0,R
tt0173840,85131830.0,137000000.0,PG-13
tt0174732,0.0,0.0,
tt0177885,0.0,3000000.0,
tt0177997,0.0,0.0,
tt0178642,0.0,0.0,R
tt0179344,0.0,0.0,R
tt0179435,0.0,0.0,R
tt0179626,56359980.0,60000000.0,R
tt0180679,0.0,0.0,PG-13
tt0180734,40222729.0,32000000.0,PG-13
tt0181739,13596911.0,75000000.0,PG
tt0181912,0.0,0.0,
tt0182000,794481.0,13500000.0,
tt0182027,0.0,0.0,
tt0183790,117487473.0,65000000.0,
tt0184791,16017403.0,0.0,R
tt0186202,0.0,0.0,PG-13
tt0186589,13276953.0,11000000.0,PG-13
tt0188128,46352.0,0.0,NR
tt0188453,0.0,13000000.0,R
tt0188575,0.0,0.0,
tt0189192,16176732.0,35000000.0,PG
tt0189541,0.0,0.0,
tt0191177,0.0,0.0,
tt0192023,0.0,0.0,R
tt0192071,19900366.0,22000000.0,PG-13
tt0192111,13127022.0,14000000.0,PG-13
tt0192237,125734.0,0.0,
tt0193364,0.0,25000000.0,R
tt0193560,0.0,0.0,
tt0195393,0.0,0.0,
tt0196068,0.0,0.0,
tt0196069,0.0,3000000.0,
tt0196158,0.0,7000000.0,R
tt0196229,60780981.0,28000000.0,PG-13
tt0197862,0.0,0.0,
tt0197929,0.0,0.0,
tt0198781,579707738.0,115000000.0,G
tt0199481,0.0,15000000.0,
tt0199898,0.0,0.0,
tt0200027,35743308.0,48000000.0,PG-13
tt0200422,0.0,0.0,
tt0200483,0.0,0.0,
tt0200954,0.0,0.0,
tt0201020,0.0,0.0,PG-13
tt0201394,0.0,6000000.0,R
tt0201479,0.0,0.0,
tt0201485,0.0,0.0,PG-13
tt0201694,0.0,0.0,
tt0202294,0.0,0.0,
tt0202470,19334145.0,57000000.0,R
tt0203009,179213434.0,52500000.0,PG-13
tt0203078,0.0,0.0,
tt0203289,0.0,250000.0,
tt0203755,13500000.0,18000000.0,R
tt0203975,0.0,3300000.0,R
tt0204619,0.0,0.0,
tt0204700,9200.0,0.0,NR
tt0205498,0.0,0.0,
tt0205738,0.0,0.0,
tt0206113,517262.0,13500000.0,
tt0206184,0.0,0.0,
tt0206275,131706809.0,13000000.0,PG-13
tt0206314,36642838.0,23000000.0,R
tt0206367,628387.0,0.0,G
tt0206762,0.0,0.0,
tt0206963,595005.0,5250000.0,R
tt0207051,0.0,0.0,
tt0207198,0.0,0.0,
tt0207585,0.0,0.0,PG
tt0207988,0.0,0.0,
tt0208899,0.0,0.0,PG-13
tt0208990,0.0,0.0,R
tt0209020,0.0,0.0,
tt0209109,0.0,0.0,
tt0209163,443280904.0,98000000.0,PG-13
tt0209253,0.0,0.0,
tt0209475,94728529.0,35000000.0,PG-13
tt0209486,0.0,0.0,
tt0209941,0.0,0.0,
tt0210094,0.0,15000000.0,
tt0210362,0.0,0.0,
tt0210930,0.0,0.0,
tt0211443,16951798.0,11000000.0,R
tt0211465,12000000.0,15000000.0,R
tt0211915,173921954.0,10000000.0,R
tt0212048,0.0,0.0,
tt0212271,0.0,0.0,R
tt0212292,0.0,0.0,
tt0212294,0.0,0.0,
tt0212298,0.0,0.0,
tt0212380,637769.0,0.0,R
tt0212495,0.0,0.0,
tt0212720,235926552.0,100000000.0,PG-13
tt0212827,0.0,0.0,
tt0212867,0.0,0.0,
tt0212910,0.0,0.0,PG
tt0212985,351692268.0,87000000.0,R
tt0213113,0.0,0.0,
tt0213149,449220945.0,140000000.0,PG-13
tt0213205,0.0,0.0,
tt0213642,0.0,2000000.0,
tt0213802,0.0,0.0,R
tt0214032,0.0,0.0,
tt0214106,0.0,0.0,R
tt0214520,0.0,0.0,
tt0214529,0.0,0.0,
tt0214619,0.0,0.0,R
tt0214723,0.0,0.0,
tt0215135,0.0,2300000.0,R
tt0215139,0.0,0.0,
tt0215516,0.0,0.0,R
tt0215519,0.0,0.0,
tt0215727,0.0,0.0,
tt0215750,96976270.0,68000000.0,R
tt0216196,0.0,0.0,R
tt0216982,0.0,0.0,
tt0217135,0.0,0.0,
tt0217570,0.0,0.0,
tt0217686,0.0,0.0,
tt0217824,0.0,0.0,
tt0217978,0.0,0.0,R
tt0217979,0.0,0.0,R
tt0218000,0.0,500000.0,
tt0218032,0.0,0.0,PG
tt0218053,0.0,0.0,R
tt0218107,0.0,0.0,NR
tt0218126,0.0,0.0,
tt0218323,0.0,0.0,
tt0218619,4299141.0,17000000.0,PG-13
tt0218727,0.0,0.0,R
tt0218817,18195610.0,30000000.0,PG-13
tt0218922,35402320.0,42000000.0,R
tt0218978,0.0,0.0,R
tt0219327,0.0,0.0,
tt0219336,0.0,0.0,
tt0219408,0.0,0.0,PG-13
tt0219687,86000.0,0.0,PG-13
tt0219822,1600000.0,6000000.0,R
tt0219957,0.0,0.0,R
tt0219965,67631903.0,75000000.0,PG-13
tt0220005,0.0,0.0,NR
tt0220034,0.0,0.0,
tt0220122,0.0,0.0,NR
tt0220331,0.0,0.0,
tt0220514,0.0,0.0,
tt0220580,1864185.0,0.0,R
tt0220827,0.0,4000000.0,R
tt0220864,0.0,0.0,
tt0221027,83282296.0,53000000.0,
tt0221074,0.0,3000000.0,PG
tt0221218,23619609.0,30000000.0,PG-13
tt0221297,0.0,0.0,
tt0221559,0.0,7000000.0,R
tt0221799,850225.0,0.0,PG-13
tt0221837,0.0,0.0,
tt0222705,0.0,0.0,
tt0222849,0.0,78.0,
tt0223284,0.0,0.0,R
tt0223832,0.0,0.0,
tt0224084,0.0,0.0,
tt0224626,0.0,0.0,R
tt0225071,29700000.0,53000000.0,R
tt0225828,0.0,0.0,R
tt0226935,0.0,0.0,R
tt0227005,5476060.0,5000000.0,R
tt0227194,5900000.0,5200000.0,
tt0227445,113579918.0,68000000.0,R
tt0227538,147934180.0,35000000.0,PG
tt0227984,12881605.0,27000000.0,R
tt0228333,14010832.0,28000000.0,R
tt0228488,0.0,0.0,
tt0228536,0.0,0.0,
tt0228690,0.0,0.0,
tt0228878,0.0,0.0,R
tt0228977,0.0,0.0,R
tt0229002,0.0,0.0,
tt0229003,0.0,0.0,
tt0229021,0.0,0.0,
tt0229211,0.0,0.0,
tt0230011,186053725.0,120000000.0,PG
tt0230025,0.0,0.0,R
tt0230600,209947037.0,17000000.0,PG-13
tt0230838,65754228.0,40000000.0,PG-13
tt0231001,0.0,6000000.0,
tt0231402,39438674.0,21150000.0,PG
tt0231775,71186502.0,30000000.0,PG-13
tt0232015,0.0,0.0,
tt0232098,0.0,0.0,
tt0232231,0.0,0.0,
tt0232500,207283925.0,38000000.0,PG-13
tt0233142,18720175.0,62000000.0,R
tt0233481,0.0,0.0,R
tt0233841,0.0,0.0,PG
tt0234354,2025238.0,6000000.0,R
tt0234829,19693891.0,34000000.0,PG-13
tt0235412,0.0,0.0,
tt0235497,645417.0,0.0,
tt0235606,0.0,0.0,
tt0235807,0.0,0.0,
tt0236026,0.0,0.0,
tt0236126,0.0,0.0,R
tt0236157,0.0,0.0,R
tt0236348,0.0,22000000.0,PG-13
tt0236474,0.0,0.0,
tt0236493,147845033.0,57000000.0,R
tt0236551,0.0,0.0,
tt0236600,0.0,0.0,
tt0236640,0.0,0.0,R
tt0236784,28008462.0,21000000.0,R
tt0237289,0.0,0.0,
tt0237295,0.0,5000.0,
tt0237320,0.0,10000.0,
tt0237534,70752904.0,29000000.0,
tt0237572,29419291.0,35000000.0,R
tt0237687,0.0,0.0,
tt0237994,0.0,0.0,
tt0238112,62112895.0,57000000.0,R
tt0238137,0.0,0.0,R
tt0238552,894844.0,17000000.0,R
tt0238948,31600000.0,24000000.0,PG-13
tt0239020,0.0,0.0,
tt0239060,0.0,0.0,
tt0239224,0.0,0.0,
tt0239234,0.0,0.0,
tt0239238,0.0,0.0,
tt0239395,93375151.0,60000000.0,PG
tt0239467,0.0,0.0,
tt0239509,0.0,0.0,
tt0239570,0.0,0.0,
tt0239670,0.0,0.0,
tt0239948,19351569.0,22000000.0,PG-13
tt0239949,12320393.0,25000000.0,R
tt0239986,2402459.0,1000000.0,R
tt0240122,0.0,0.0,PG-13
tt0240149,0.0,0.0,
tt0240389,0.0,0.0,
tt0240402,0.0,0.0,
tt0240419,0.0,0.0,R
tt0240462,176104344.0,70000000.0,PG
tt0240515,14343028.0,14000000.0,R
tt0240659,0.0,0.0,
tt0240772,450717150.0,85000000.0,PG-13
tt0240890,77516304.0,28000000.0,PG-13
tt0241223,0.0,0.0,NR
tt0241254,0.0,0.0,
tt0241355,0.0,0.0,
tt0241498,0.0,0.0,
tt0241527,976475550.0,125000000.0,PG
tt0241683,0.0,0.0,
tt0241897,0.0,0.0,
tt0242150,5000000.0,100000.0,R
tt0242193,480811.0,0.0,R
tt0242252,1198113.0,30000000.0,R
tt0242445,79958599.0,50000000.0,R
tt0242508,0.0,0.0,R
tt0242527,7819851.0,0.0,R
tt0242587,1667192.0,700000.0,
tt0242592,0.0,0.0,
tt0242746,0.0,0.0,
tt0242994,0.0,0.0,
tt0242998,16300000.0,10000000.0,R
tt0243017,3176880.0,0.0,
tt0243059,0.0,0.0,
tt0243133,0.0,20000000.0,R
tt0243155,281929795.0,25000000.0,R
tt0243210,0.0,0.0,
tt0243222,0.0,0.0,
tt0243232,0.0,0.0,R
tt0243255,0.0,0.0,
tt0243278,0.0,0.0,
tt0243493,0.0,0.0,
tt0243508,0.0,0.0,NR
tt0243554,0.0,2000000.0,R
tt0243575,0.0,0.0,
tt0243595,0.0,0.0,R
tt0243609,0.0,14000000.0,R
tt0243655,295206.0,5000000.0,R
tt0243759,0.0,0.0,
tt0243885,0.0,0.0,R
tt0243892,0.0,0.0,PG-13
tt0243907,0.0,0.0,
tt0243931,0.0,0.0,R
tt0243991,0.0,8000000.0,R
tt0244000,13678913.0,35000000.0,PG-13
tt0244071,0.0,0.0,
tt0244094,0.0,0.0,
tt0244244,147080413.0,102000000.0,R
tt0244297,0.0,0.0,
tt0244452,0.0,0.0,
tt0244471,0.0,0.0,
tt0244479,0.0,5000000.0,R
tt0244709,0.0,5000000.0,
tt0244803,0.0,0.0,
tt0244941,0.0,0.0,PG-13
tt0244970,38689940.0,23000000.0,PG-13
tt0245046,741394.0,0.0,PG-13
tt0245090,0.0,7500000.0,
tt0245095,0.0,0.0,R
tt0245115,0.0,0.0,R
tt0245120,0.0,5000000.0,R
tt0245157,0.0,0.0,
tt0245171,0.0,0.0,
tt0245238,0.0,0.0,R
tt0245276,0.0,0.0,
tt0245317,0.0,0.0,R
tt0245356,0.0,0.0,R
tt0245407,0.0,0.0,
tt0245429,274925095.0,19000000.0,
tt0245501,0.0,0.0,
tt0245574,33616692.0,5000000.0,
tt0245634,0.0,0.0,
tt0245674,68467960.0,42000000.0,R
tt0245686,30987695.0,17700000.0,PG-13
tt0245799,0.0,0.0,
tt0245866,0.0,0.0,
tt0245891,1.0,0.0,PG
tt0245904,0.0,0.0,
tt0245905,0.0,0.0,
tt0246000,0.0,0.0,
tt0246002,0.0,0.0,PG
tt0246037,0.0,0.0,R
tt0246108,0.0,0.0,
tt0246134,0.0,0.0,
tt0246197,0.0,0.0,
tt0246228,0.0,0.0,R
tt0246268,0.0,0.0,
tt0246278,0.0,0.0,
tt0246500,252706.0,9000000.0,R
tt0246514,0.0,0.0,
tt0246544,27053815.0,40000000.0,PG-13
tt0246578,7500000.0,6000000.0,R
tt0246628,0.0,0.0,
tt0246730,0.0,0.0,
tt0246772,4160475.0,0.0,
tt0246965,0.0,0.0,PG-13
tt0246989,23430766.0,11000000.0,R
tt0247133,0.0,0.0,
tt0247199,1309316.0,1500000.0,R
tt0247303,163169.0,15000000.0,R
tt0247419,0.0,0.0,
tt0247425,44763181.0,1700000.0,
tt0247427,0.0,0.0,
tt0247512,0.0,0.0,R
tt0247638,165335153.0,37000000.0,G
tt0247645,0.0,3000000.0,
tt0247745,18492362.0,1200000.0,
tt0247786,0.0,4000000.0,
tt0247823,0.0,0.0,
tt0248123,0.0,0.0,
tt0248126,0.0,0.0,
tt0248164,0.0,200000.0,
tt0248190,0.0,0.0,
tt0248617,0.0,0.0,
tt0248661,0.0,0.0,NR
tt0248667,87713825.0,107000000.0,R
tt0248742,0.0,0.0,R
tt0248845,0.0,0.0,
tt0248966,0.0,0.0,
tt0249081,0.0,0.0,
tt0249082,0.0,0.0,
tt0249110,0.0,0.0,
tt0249261,0.0,0.0,
tt0249371,19000000.0,17000000.0,R
tt0249478,54249294.0,75000000.0,PG-13
tt0249511,0.0,3000000.0,
tt0249624,0.0,0.0,
tt0250081,0.0,0.0,R
tt0250125,0.0,0.0,
tt0250202,1051948.0,0.0,R
tt0250214,0.0,0.0,
tt0250224,16929123.0,13000000.0,PG-13
tt0250258,13782896.0,0.0,
tt0250274,0.0,0.0,R
tt0250282,28149.0,0.0,R
tt0250310,23978402.0,11000000.0,PG-13
tt0250323,10031529.0,3000000.0,R
tt0250347,0.0,0.0,
tt0250371,4720371.0,7000000.0,PG
tt0250485,0.0,0.0,
tt0250491,0.0,0.0,
tt0250494,141774679.0,18000000.0,PG-13
tt0250613,0.0,0.0,R
tt0250617,0.0,0.0,R
tt0250625,0.0,0.0,
tt0250636,0.0,0.0,
tt0250687,85498534.0,48000000.0,PG-13
tt0250716,0.0,0.0,
tt0250720,0.0,0.0,
tt0251031,0.0,0.0,
tt0251052,0.0,0.0,
tt0251054,0.0,0.0,
tt0251057,0.0,0.0,R
tt0251075,98376292.0,80000000.0,PG-13
tt0251110,0.0,0.0,R
tt0251174,0.0,0.0,
tt0251193,0.0,0.0,
tt0251294,0.0,0.0,
tt0251364,0.0,0.0,
tt0251369,0.0,0.0,
tt0251370,0.0,0.0,
tt0251415,0.0,0.0,R
tt0251661,0.0,0.0,
tt0251696,0.0,0.0,
tt0252223,23000.0,15000000.0,PG-13
tt0252225,0.0,0.0,
tt0252253,0.0,2.0,
tt0252299,0.0,15000000.0,
tt0252480,0.0,0.0,
tt0252501,24185781.0,31000000.0,PG-13
tt0252503,28500000.0,35000000.0,
tt0252684,0.0,0.0,
tt0252866,287553595.0,30000000.0,R
tt0252963,0.0,0.0,
tt0253114,0.0,250000.0,R
tt0253126,0.0,0.0,R
tt0253197,0.0,0.0,
tt0253200,0.0,0.0,PG-13
tt0253314,0.0,0.0,
tt0253335,0.0,0.0,
tt0253487,0.0,0.0,
tt0253586,0.0,0.0,
tt0253798,14782676.0,24000000.0,PG-13
tt0253827,0.0,0.0,
tt0253840,0.0,0.0,PG-13
tt0254099,0.0,0.0,R
tt0254199,0.0,0.0,R
tt0254252,0.0,0.0,
tt0254284,0.0,0.0,
tt0254334,0.0,0.0,R
tt0254455,7640680.0,0.0,R
tt0254610,0.0,0.0,
tt0254617,0.0,0.0,PG-13
tt0254622,0.0,0.0,
tt0254626,0.0,0.0,
tt0254686,9801375.0,3000000.0,R
tt0254791,0.0,0.0,
tt0255055,0.0,0.0,G
tt0255312,0.0,0.0,
tt0255653,4574762.0,0.0,
tt0255798,84772742.0,22000000.0,
tt0255819,29381649.0,16000000.0,R
tt0255909,0.0,0.0,
tt0256009,6582065.0,4500000.0,
tt0256084,0.0,0.0,
tt0256103,0.0,0.0,NR
tt0256155,0.0,0.0,
tt0256341,0.0,0.0,
tt0256359,0.0,0.0,
tt0256374,0.0,0.0,
tt0256380,141069860.0,40000000.0,PG-13
tt0256524,0.0,0.0,PG-13
tt0256531,0.0,0.0,
tt0256666,0.0,0.0,
tt0256692,0.0,0.0,
tt0256856,0.0,0.0,
tt0257106,141220678.0,45000000.0,R
tt0257408,0.0,3000000.0,
tt0257721,0.0,0.0,
tt0257750,0.0,0.0,R
tt0258038,0.0,0.0,PG-13
tt0258127,0.0,0.0,
tt0258273,4186931.0,250000.0,
tt0258470,0.0,0.0,PG-13
tt0258827,0.0,0.0,
tt0258834,0.0,0.0,
tt0258967,0.0,0.0,
tt0259054,0.0,0.0,
tt0259060,0.0,0.0,
tt0259097,0.0,0.0,
tt0259218,0.0,0.0,
tt0259289,0.0,0.0,
tt0259386,0.0,0.0,
tt0259393,0.0,0.0,R
tt0259424,0.0,0.0,
tt0259497,0.0,0.0,R
tt0259711,203388341.0,68000000.0,R
tt0259730,306737.0,0.0,
tt0259742,0.0,0.0,
tt0259929,0.0,0.0,
tt0259991,0.0,860000.0,
tt0260136,0.0,0.0,
tt0260216,0.0,0.0,
tt0260414,0.0,20000000.0,
tt0260522,0.0,4200000.0,
tt0260746,100420.0,0.0,R
tt0260866,100020092.0,50000000.0,R
tt0261066,0.0,0.0,
tt0261311,0.0,4000000.0,
tt0261392,33788161.0,22000000.0,R
tt0261570,0.0,0.0,
tt0261652,0.0,0.0,R
tt0261697,463780.0,0.0,
tt0261706,0.0,0.0,
tt0261755,43719.0,400000.0,
tt0261800,0.0,0.0,
tt0261983,1612259.0,1500000.0,R
tt0262345,0.0,0.0,
tt0262429,0.0,0.0,
tt0262462,0.0,0.0,
tt0262699,126.0,0.0,
tt0262828,0.0,0.0,
tt0262911,0.0,0.0,
tt0262942,0.0,0.0,
tt0263215,10002.0,0.0,R
tt0263386,0.0,0.0,
tt0263488,59217789.0,10000000.0,R
tt0263496,0.0,0.0,
tt0263657,0.0,0.0,NR
tt0263671,0.0,0.0,
tt0263725,0.0,0.0,R
tt0263728,6000000.0,20000000.0,
tt0263746,0.0,0.0,R
tt0264319,0.0,0.0,
tt0264355,0.0,0.0,
tt0264425,0.0,0.0,
tt0264508,0.0,4800000.0,
tt0264559,0.0,0.0,
tt0264605,0.0,0.0,
tt0264606,0.0,0.0,
tt0264616,17423030.0,11000000.0,R
tt0264761,10013424.0,1000000.0,
tt0264792,0.0,0.0,
tt0264796,0.0,18000000.0,R
tt0265029,138191428.0,64400000.0,PG-13
tt0265086,172989651.0,92000000.0,
tt0265087,33422806.0,50000000.0,PG-13
tt0265104,0.0,0.0,R
tt0265116,0.0,0.0,
tt0265118,0.0,0.0,R
tt0265171,0.0,1500000.0,PG-13
tt0265198,0.0,4000000.0,
tt0265226,0.0,0.0,
tt0265307,2006391.0,6500000.0,
tt0265343,0.0,0.0,R
tt0265452,0.0,0.0,
tt0265581,0.0,0.0,
tt0265611,0.0,0.0,
tt0265632,44460850.0,10000000.0,G
tt0265666,71441250.0,21000000.0,R
tt0265709,0.0,0.0,
tt0265713,0.0,0.0,R
tt0265752,0.0,0.0,R
tt0265773,0.0,0.0,
tt0265859,0.0,0.0,
tt0265930,0.0,0.0,R
tt0266041,0.0,0.0,
tt0266057,0.0,0.0,
tt0266102,0.0,0.0,
tt0266391,3646994.0,7000000.0,PG-13
tt0266449,0.0,0.0,R
tt0266486,0.0,1300000.0,
tt0266529,0.0,0.0,
tt0266629,0.0,0.0,R
tt0266824,0.0,0.0,
tt0266915,347325802.0,90000000.0,PG-13
tt0266987,143049560.0,115000000.0,R
tt0267044,0.0,9360460.0,
tt0267129,1297401.0,15000000.0,
tt0267287,8826094.0,8000000.0,R
tt0267336,0.0,0.0,
tt0267414,0.0,0.0,
tt0267440,0.0,0.0,
tt0267659,0.0,0.0,
tt0267785,0.0,0.0,R
tt0267804,72689126.0,49000000.0,PG-13
tt0267989,0.0,0.0,R
tt0268040,0.0,0.0,
tt0268200,852206.0,1000000.0,PG-13
tt0268219,1802142.0,29000000.0,
tt0268397,80936232.0,25000000.0,G
tt0268437,0.0,0.0,
tt0268548,0.0,0.0,PG-13
tt0268579,0.0,0.0,
tt0268636,0.0,0.0,
tt0268690,0.0,0.0,R
tt0268711,3098924.0,3000000.0,
tt0268755,0.0,0.0,
tt0268762,0.0,1500000.0,
tt0268917,0.0,0.0,
tt0268978,316800000.0,58000000.0,
tt0268995,37317673.0,72000000.0,PG
tt0269058,0.0,500000.0,
tt0269329,0.0,0.0,
tt0269341,22390000.0,13000000.0,R
tt0269356,0.0,0.0,
tt0269376,0.0,0.0,
tt0269408,0.0,0.0,R
tt0269499,0.0,0.0,
tt0269746,0.0,0.0,
tt0269771,0.0,0.0,
tt0269792,0.0,0.0,
tt0270259,0.0,0.0,
tt0270270,0.0,0.0,R
tt0270480,0.0,4800000.0,
tt0270487,0.0,700000.0,
tt0270515,0.0,0.0,
tt0270569,0.0,0.0,
tt0270918,0.0,0.0,
tt0271017,0.0,0.0,
tt0271020,0.0,0.0,
tt0271027,64437847.0,25000000.0,R
tt0271053,0.0,0.0,
tt0271200,0.0,0.0,R
tt0271436,0.0,0.0,
tt0271538,0.0,0.0,
tt0271543,0.0,5000000.0,R
tt0271580,0.0,1200000.0,NR
tt0271788,0.0,0.0,
tt0271809,0.0,1900000.0,
tt0271946,790144.0,25697387.0,PG-13
tt0271972,0.0,570000.0,
tt0271982,0.0,0.0,
tt0271984,0.0,0.0,
tt0272020,27642707.0,72000000.0,R
tt0272036,0.0,0.0,R
tt0272068,0.0,0.0,
tt0272069,0.0,40000.0,
tt0272087,0.0,0.0,
tt0272152,50315140.0,48000000.0,PG-13
tt0272362,0.0,0.0,
tt0272440,0.0,0.0,
tt0272454,0.0,0.0,
tt0272563,0.0,0.0,
tt0272590,0.0,0.0,R
tt0272647,0.0,0.0,
tt0273048,0.0,0.0,R
tt0273057,0.0,0.0,R
tt0273083,0.0,0.0,
tt0273226,0.0,0.0,
tt0273228,0.0,0.0,
tt0273253,251058.0,0.0,
tt0273300,0.0,0.0,PG
tt0273311,0.0,0.0,
tt0273498,0.0,2500000.0,
tt0273607,299171.0,0.0,
tt0273650,0.0,0.0,NR
tt0273726,0.0,0.0,
tt0273799,18634654.0,25000000.0,G
tt0273812,0.0,0.0,
tt0273822,0.0,0.0,
tt0273833,0.0,0.0,
tt0273850,0.0,0.0,R
tt0273851,0.0,0.0,
tt0274057,0.0,1000000.0,
tt0274117,0.0,0.0,
tt0274181,0.0,0.0,
tt0274189,0.0,0.0,
tt0274323,0.0,0.0,
tt0274432,0.0,0.0,
tt0274472,0.0,0.0,R
tt0274497,215339.0,0.0,R
tt0274652,0.0,0.0,PG-13
tt0274680,0.0,0.0,
tt0274861,0.0,0.0,
tt0274868,0.0,0.0,
tt0274874,0.0,0.0,
tt0275067,0.0,0.0,
tt0275083,0.0,8000000.0,
tt0275182,0.0,0.0,
tt0275277,0.0,0.0,R
tt0275468,0.0,0.0,
tt0275527,0.0,0.0,PG-13
tt0275611,0.0,4000000.0,
tt0275655,0.0,0.0,
tt0275681,0.0,0.0,
tt0275688,70569.0,0.0,R
tt0275719,490475.0,100000.0,R
tt0275772,0.0,0.0,
tt0275876,246.0,1.0,
tt0275902,0.0,0.0,
tt0275913,0.0,0.0,
tt0276052,0.0,0.0,
tt0276198,0.0,0.0,G
tt0276276,0.0,0.0,
tt0276437,0.0,0.0,
tt0276501,0.0,0.0,
tt0276584,0.0,300000.0,
tt0276607,0.0,0.0,
tt0276617,0.0,250000.0,
tt0276773,0.0,0.0,
tt0276818,0.0,0.0,
tt0276820,0.0,0.0,
tt0276837,0.0,0.0,
tt0276868,0.0,0.0,R
tt0276893,0.0,0.0,
tt0276971,0.0,0.0,
tt0276977,60.0,50.0,R
tt0277027,92542418.0,22000000.0,
tt0277044,0.0,0.0,
tt0277092,0.0,0.0,
tt0277255,0.0,0.0,
tt0277327,0.0,0.0,
tt0277371,66468332.0,16000000.0,R
tt0277386,0.0,0.0,
tt0277588,0.0,0.0,
tt0277622,0.0,0.0,
tt0277688,0.0,0.0,
tt0277705,0.0,0.0,R
tt0277713,0.0,0.0,R
tt0277800,0.0,0.0,
tt0277909,0.0,0.0,
tt0277925,0.0,0.0,
tt0277928,0.0,0.0,
tt0277975,0.0,0.0,
tt0278006,0.0,0.0,
tt0278026,0.0,0.0,
tt0278044,0.0,0.0,
tt0278159,0.0,0.0,
tt0278412,0.0,0.0,
tt0278413,0.0,0.0,
tt0278487,0.0,0.0,
tt0278488,31155435.0,12000000.0,R
tt0278674,150000.0,0.0,
tt0278675,10000000.0,0.0,
tt0278783,0.0,0.0,
tt0278976,0.0,0.0,
tt0279064,0.0,0.0,
tt0279065,0.0,0.0,
tt0279083,0.0,0.0,
tt0279112,20000000.0,9400000.0,NR
tt0279231,0.0,0.0,
tt0279248,0.0,0.0,
tt0279286,4500000.0,16000000.0,PG
tt0279479,0.0,0.0,NR
tt0279483,0.0,0.0,
tt0279485,0.0,0.0,
tt0279494,0.0,0.0,
tt0279523,0.0,0.0,
tt0279623,0.0,0.0,
tt0279695,0.0,3000000.0,
tt0279783,0.0,0.0,
tt0279889,24516772.0,38000000.0,PG
tt0279926,0.0,0.0,
tt0279977,0.0,0.0,
tt0280001,0.0,0.0,
tt0280015,0.0,0.0,
tt0280096,0.0,0.0,
tt0280193,0.0,0.0,
tt0280381,0.0,200000.0,
tt0280383,0.0,0.0,NR
tt0280424,0.0,0.0,
tt0280456,0.0,0.0,R
tt0280707,87754044.0,19800000.0,R
tt0280732,0.0,0.0,
tt0280733,0.0,0.0,
tt0280778,16153953.0,5500000.0,R
tt0280788,0.0,0.0,
tt0280933,0.0,0.0,
tt0280956,0.0,0.0,
tt0280962,0.0,0.0,
tt0281094,0.0,0.0,
tt0281144,0.0,0.0,
tt0281176,0.0,0.0,
tt0281202,0.0,0.0,
tt0281203,0.0,165000.0,R
tt0281206,0.0,0.0,
tt0281214,0.0,0.0,
tt0281339,0.0,0.0,
tt0281357,0.0,0.0,
tt0281364,10366360.0,15300000.0,R
tt0281398,0.0,0.0,
tt0281615,0.0,575100.0,
tt0281680,1023156.0,600000.0,PG-13
tt0281718,0.0,0.0,
tt0281810,0.0,0.0,
tt0281954,0.0,0.0,
tt0282108,0.0,18000000.0,
tt0282163,0.0,0.0,R
tt0282179,0.0,0.0,
tt0282484,0.0,500000.0,
tt0282489,0.0,0.0,
tt0282496,0.0,0.0,R
tt0282526,0.0,0.0,
tt0282528,0.0,0.0,
tt0282589,0.0,0.0,NR
tt0282628,0.0,0.0,
tt0282701,0.0,0.0,
tt0282744,0.0,0.0,
tt0282768,0.0,0.0,
tt0282776,0.0,0.0,
tt0282965,0.0,0.0,
tt0283015,0.0,4000000.0,
tt0283027,0.0,0.0,R
tt0283079,0.0,0.0,
tt0283086,0.0,0.0,
tt0283269,0.0,0.0,
tt0283283,0.0,0.0,
tt0283288,0.0,0.0,R
tt0283309,0.0,0.0,
tt0283323,0.0,0.0,R
tt0283337,0.0,0.0,
tt0283366,0.0,0.0,
tt0283372,0.0,0.0,
tt0283380,0.0,0.0,
tt0283387,0.0,0.0,R
tt0283422,0.0,0.0,
tt0283428,0.0,0.0,
tt0283429,0.0,0.0,
tt0283431,0.0,0.0,
tt0283504,0.0,0.0,
tt0283509,0.0,1012153.0,
tt0283534,0.0,0.0,
tt0283539,0.0,0.0,
tt0283623,0.0,0.0,
tt0283641,0.0,0.0,
tt0283663,0.0,0.0,
tt0283911,0.0,0.0,
tt0283952,0.0,0.0,R
tt0283960,0.0,0.0,
tt0284007,0.0,0.0,
tt0284097,0.0,395000.0,NR
tt0284137,0.0,0.0,
tt0284182,0.0,0.0,
tt0284189,0.0,250000.0,
tt0284214,0.0,0.0,
tt0284229,0.0,0.0,
tt0284233,0.0,0.0,PG-13
tt0284253,0.0,0.0,
tt0284470,0.0,0.0,
tt0284491,0.0,1200000.0,
tt0284492,0.0,0.0,
tt0284525,0.0,0.0,
tt0284573,0.0,0.0,NR
tt0284769,0.0,0.0,
tt0284815,0.0,0.0,
tt0284848,0.0,0.0,
tt0284867,0.0,0.0,
tt0284907,0.0,0.0,
tt0284970,0.0,0.0,
tt0285066,0.0,0.0,
tt0285100,0.0,0.0,
tt0285166,0.0,0.0,
tt0285178,0.0,0.0,
tt0285280,0.0,0.0,
tt0285433,0.0,0.0,
tt0285440,0.0,0.0,
tt0285441,3786801.0,1934000.0,R
tt0285681,0.0,0.0,
tt0285685,0.0,0.0,
tt0285698,0.0,0.0,R
tt0285742,44909486.0,4000000.0,R
tt0285848,0.0,0.0,
tt0285954,0.0,0.0,
tt0285963,0.0,0.0,
tt0286055,0.0,1000000.0,R
tt0286098,35000000.0,0.0,
tt0286112,42776760.0,10000005.0,
tt0286249,0.0,0.0,
tt0286476,0.0,0.0,
tt0286484,0.0,0.0,R
tt0286613,0.0,0.0,
tt0286623,0.0,0.0,
tt0286635,0.0,0.0,
tt0286751,318451.0,25000000.0,R
tt0286795,0.0,0.0,
tt0286797,0.0,0.0,
tt0286917,60700.0,0.0,
tt0287031,0.0,0.0,
tt0287045,0.0,0.0,
tt0287048,0.0,0.0,
tt0287059,0.0,0.0,
tt0287092,0.0,0.0,
tt0287112,0.0,0.0,
tt0287155,0.0,0.0,
tt0287330,0.0,0.0,
tt0287471,0.0,0.0,NR
tt0287583,0.0,0.0,
tt0287635,28023563.0,0.0,G
tt0287645,0.0,0.0,
tt0287803,0.0,0.0,
tt0287811,1138807.0,0.0,
tt0287915,0.0,0.0,
tt0287934,0.0,0.0,
tt0287986,0.0,0.0,
tt0288024,0.0,0.0,
tt0288092,0.0,0.0,
tt0288115,0.0,0.0,
tt0288142,0.0,0.0,
tt0288192,0.0,100000.0,
tt0288215,0.0,0.0,R
tt0288260,0.0,0.0,
tt0288480,0.0,0.0,
tt0288491,0.0,0.0,
tt0288520,0.0,0.0,
tt0288562,0.0,0.0,
tt0288602,0.0,0.0,
tt0288626,0.0,0.0,
tt0288719,0.0,0.0,
tt0288808,0.0,0.0,
tt0288869,0.0,0.0,
tt0289048,0.0,0.0,
tt0289054,0.0,0.0,
tt0289080,0.0,0.0,
tt0289132,0.0,0.0,
tt0289181,0.0,0.0,
tt0289213,0.0,0.0,
tt0289730,0.0,0.0,
tt0289845,0.0,0.0,
tt0290006,0.0,0.0,
tt0290028,0.0,0.0,
tt0290082,0.0,0.0,R
tt0290322,0.0,0.0,
tt0290326,1486992.0,0.0,
tt0290329,0.0,60400.0,R
tt0290332,10229331.0,7000000.0,PG
tt0290498,0.0,0.0,
tt0290661,0.0,0.0,
tt0290662,52462.0,0.0,
tt0290714,0.0,0.0,
tt0290745,0.0,0.0,
tt0290823,0.0,0.0,
tt0290824,0.0,0.0,
tt0290841,0.0,0.0,
tt0290858,0.0,0.0,PG-13
tt0290879,0.0,0.0,
tt0290884,0.0,0.0,PG
tt0290941,0.0,0.0,
tt0291003,0.0,0.0,
tt0291046,0.0,0.0,
tt0291183,0.0,0.0,
tt0291265,0.0,0.0,R
tt0291327,0.0,0.0,
tt0291341,0.0,0.0,R
tt0291350,37641.0,0.0,PG
tt0291368,0.0,0.0,
tt0291424,0.0,0.0,R
tt0291454,0.0,0.0,
tt0291507,0.0,0.0,
tt0291530,0.0,0.0,
tt0291559,0.0,0.0,R
tt0291847,0.0,0.0,
tt0291935,0.0,0.0,
tt0291959,0.0,0.0,G
tt0292346,0.0,0.0,
tt0292429,0.0,0.0,
tt0292432,0.0,0.0,
tt0292459,0.0,0.0,
tt0292490,4099000.0,2079000.0,
tt0292502,0.0,0.0,
tt0292542,0.0,0.0,R
tt0292707,0.0,0.0,
tt0292887,0.0,0.0,
tt0292895,0.0,0.0,
tt0292964,0.0,0.0,
tt0292996,0.0,0.0,PG
tt0293049,0.0,0.0,
tt0293083,0.0,0.0,
tt0293176,0.0,0.0,R
tt0293280,0.0,0.0,
tt0293416,4035192.0,15000000.0,PG-13
tt0293442,0.0,0.0,
tt0293478,0.0,0.0,
tt0293552,0.0,0.0,
tt0293573,0.0,0.0,
tt0293664,0.0,0.0,
tt0293667,0.0,0.0,
tt0293715,0.0,0.0,
tt0293720,0.0,0.0,
tt0293849,14846994.0,0.0,G
tt0293859,0.0,0.0,
tt0294251,0.0,0.0,
tt0294289,342855.0,344.0,
tt0294353,0.0,0.0,
tt0294413,0.0,0.0,R
tt0294578,0.0,200000.0,
tt0294640,0.0,0.0,
tt0294707,1260921.0,0.0,
tt0294916,0.0,0.0,
tt0294939,0.0,0.0,
tt0294949,0.0,0.0,
tt0295152,0.0,0.0,
tt0295165,0.0,0.0,
tt0295171,0.0,0.0,
tt0295179,0.0,0.0,
tt0295192,0.0,0.0,
tt0295197,0.0,0.0,
tt0295206,0.0,0.0,NR
tt0295258,0.0,0.0,
tt0295281,0.0,0.0,
tt0295368,0.0,0.0,
tt0295461,0.0,0.0,
tt0295473,0.0,0.0,
tt0295552,0.0,5000000.0,
tt0295556,0.0,0.0,
tt0295578,756370.0,0.0,
tt0295581,0.0,0.0,
tt0295640,0.0,0.0,
tt0295671,0.0,0.0,NR
tt0295715,0.0,0.0,
tt0295925,0.0,5200000.0,
tt0296008,0.0,0.0,
tt0296032,0.0,0.0,
tt0296042,80631.0,1400010.0,
tt0296067,0.0,0.0,NR
tt0296074,0.0,0.0,
tt0296210,0.0,0.0,
tt0296494,0.0,0.0,
tt0296621,0.0,0.0,
tt0296658,0.0,0.0,
tt0296696,0.0,0.0,
tt0296845,0.0,0.0,PG
tt0296919,0.0,0.0,
tt0297024,0.0,0.0,PG-13
tt0297080,0.0,0.0,R
tt0297168,0.0,0.0,
tt0297241,0.0,0.0,
tt0297259,0.0,0.0,
tt0297319,0.0,0.0,
tt0297384,0.0,0.0,
tt0297398,0.0,0.0,
tt0297403,0.0,0.0,
tt0297414,0.0,0.0,
tt0297441,0.0,0.0,
tt0297462,0.0,0.0,
tt0297721,0.0,1.0,
tt0297769,0.0,0.0,R
tt0297856,0.0,0.0,
tt0297905,0.0,0.0,
tt0297928,0.0,0.0,
tt0298109,0.0,0.0,
tt0298127,0.0,0.0,
tt0298293,0.0,0.0,NR
tt0298412,0.0,0.0,
tt0298786,0.0,0.0,
tt0298826,0.0,0.0,
tt0298865,0.0,0.0,
tt0298943,0.0,0.0,
tt0299088,0.0,0.0,
tt0299109,0.0,0.0,
tt0299213,0.0,0.0,
tt0299549,0.0,0.0,NC-17
tt0299594,0.0,0.0,
tt0299712,0.0,0.0,R
tt0299744,0.0,0.0,
tt0299876,0.0,0.0,
tt0299937,0.0,0.0,
tt0300016,0.0,0.0,
tt0300028,0.0,0.0,
tt0300197,0.0,0.0,
tt0300456,0.0,0.0,
tt0300522,0.0,0.0,
tt0300528,0.0,0.0,
tt0300633,0.0,0.0,
tt0300657,0.0,4600000.0,
tt0300692,0.0,0.0,
tt0301254,0.0,0.0,
tt0301429,0.0,0.0,
tt0301520,0.0,0.0,
tt0301677,0.0,0.0,
tt0302309,0.0,0.0,NR
tt0302432,0.0,0.0,
tt0302538,0.0,0.0,
tt0302602,0.0,0.0,
tt0302612,0.0,0.0,
tt0302819,0.0,0.0,PG
tt0303103,0.0,0.0,R
tt0303260,0.0,0.0,
tt0303346,0.0,12000.0,
tt0303396,0.0,0.0,
tt0303397,0.0,0.0,
tt0303408,0.0,0.0,
tt0303648,0.0,0.0,
tt0303677,0.0,0.0,NC-17
tt0303720,0.0,0.0,
tt0303998,0.0,0.0,
tt0304091,0.0,0.0,
tt0304098,0.0,0.0,
tt0304230,0.0,0.0,
tt0304262,0.0,0.0,
tt0304628,0.0,0.0,
tt0304641,0.0,0.0,
tt0304695,0.0,0.0,
tt0304704,0.0,0.0,
tt0304753,0.0,0.0,
tt0304769,0.0,0.0,
tt0304790,0.0,0.0,NR
tt0304866,0.0,0.0,
tt0304874,0.0,0.0,
tt0305240,0.0,0.0,
tt0305563,0.0,300.0,
tt0305647,0.0,0.0,
tt0305831,0.0,0.0,
tt0305859,0.0,0.0,
tt0306135,0.0,300000.0,NR
tt0306359,0.0,0.0,
tt0306444,0.0,0.0,
tt0306474,0.0,0.0,
tt0306522,0.0,0.0,
tt0306568,0.0,2000.0,
tt0306651,0.0,0.0,
tt0306708,0.0,0.0,
tt0306741,0.0,0.0,
tt0306951,0.0,0.0,
tt0307109,0.0,40000.0,
tt0307213,62100.0,0.0,
tt0307448,0.0,0.0,R
tt0307680,0.0,0.0,
tt0308049,0.0,0.0,
tt0308280,0.0,0.0,
tt0308556,0.0,0.0,
tt0308559,0.0,0.0,
tt0308977,0.0,0.0,
tt0309291,0.0,0.0,
tt0309694,0.0,0.0,
tt0309734,0.0,0.0,
tt0310149,77567.0,0.0,
tt0310790,482902.0,3747230.0,PG
tt0311361,0.0,100000.0,R
tt0311939,0.0,0.0,
tt0312014,0.0,0.0,
tt0312297,0.0,0.0,NR
tt0312412,0.0,0.0,
tt0312499,0.0,0.0,
tt0312563,0.0,0.0,
tt0312687,0.0,0.0,
tt0312843,0.0,250000.0,
tt0312932,0.0,0.0,
tt0313342,0.0,0.0,
tt0313403,0.0,0.0,
tt0313812,0.0,0.0,
tt0314134,0.0,0.0,
tt0314474,0.0,0.0,
tt0314789,0.0,0.0,
tt0315521,0.0,0.0,
tt0316729,0.0,0.0,
tt0316955,0.0,0.0,
tt0317333,0.0,0.0,
tt0317657,0.0,0.0,
tt0317743,0.0,0.0,
tt0318073,0.0,0.0,
tt0318284,0.0,0.0,
tt0318359,0.0,0.0,
tt0318819,0.0,0.0,R
tt0320641,0.0,0.0,
tt0320671,0.0,0.0,
tt0321649,0.0,0.0,
tt0321959,0.0,0.0,R
tt0322189,0.0,0.0,
tt0322232,0.0,0.0,
tt0322423,0.0,0.0,
tt0322645,0.0,10540.0,PG-13
tt0323458,0.0,0.0,
tt0324368,0.0,0.0,
tt0325043,0.0,0.0,
tt0325170,0.0,0.0,
tt0325730,0.0,0.0,
tt0326009,0.0,0.0,
tt0327730,0.0,0.0,
tt0328033,0.0,0.0,
tt0328226,0.0,0.0,NR
tt0328420,0.0,0.0,
tt0328567,0.0,0.0,
tt0329276,0.0,0.0,
tt0329589,0.0,0.0,PG
tt0329768,0.0,0.0,
tt0329777,0.0,0.0,
tt0329792,0.0,0.0,
tt0330147,0.0,0.0,
tt0330410,0.0,0.0,
tt0331097,0.0,0.0,
tt0331262,0.0,0.0,
tt0332129,0.0,0.0,
tt0332260,0.0,0.0,
tt0337024,0.0,0.0,
tt0337628,0.0,0.0,
tt0338565,0.0,0.0,
tt0338568,0.0,0.0,
tt0338988,0.0,0.0,NR
tt0339006,0.0,0.0,
tt0339847,0.0,0.0,
tt0341571,0.0,0.0,
tt0343175,0.0,0.0,
tt0343755,0.0,0.0,
tt0347014,0.0,1200000.0,R
tt0349470,0.0,0.0,
tt0354981,0.0,545.0,
tt0355052,0.0,0.0,
tt0355857,16234.0,0.0,
tt0363057,0.0,0.0,
tt0363277,0.0,0.0,
tt0364722,0.0,1000000.0,R
tt0364977,0.0,0.0,
tt0365111,0.0,0.0,
tt0365671,0.0,0.0,
tt0367187,0.0,0.0,
tt0367258,0.0,0.0,
tt0367942,0.0,0.0,
tt0368296,0.0,0.0,
tt0368652,0.0,0.0,NR
tt0370081,0.0,0.0,
tt0371301,0.0,0.0,
tt0373081,0.0,0.0,
tt0374076,0.0,0.0,
tt0382176,0.0,0.0,
tt0386422,0.0,0.0,
tt0388130,0.0,0.0,
tt0389371,0.0,0.0,
tt0389418,0.0,0.0,
tt0392759,0.0,0.0,
tt0396551,0.0,0.0,
tt0403665,0.0,0.0,
tt0403951,0.0,0.0,
tt0409941,0.0,0.0,
tt0410921,0.0,0.0,
tt0411396,0.0,0.0,
tt0413669,0.0,35000.0,
tt0416217,0.0,0.0,
tt0419765,0.0,0.0,
tt0422262,0.0,0.0,
tt0422984,0.0,0.0,
tt0427813,0.0,0.0,
tt0432057,0.0,0.0,NR
tt0433683,0.0,0.0,
tt0433694,0.0,30000.0,
tt0433996,0.0,0.0,
tt0437149,0.0,0.0,
tt0439449,0.0,7000.0,
tt0441561,0.0,0.0,
tt0441667,0.0,0.0,
tt0445841,123021750.0,12500000.0,
tt0446493,0.0,0.0,
tt0447257,0.0,0.0,
tt0450497,0.0,0.0,
tt0453010,0.0,0.0,
tt0459405,0.0,0.0,
tt0465920,0.0,0.0,
tt0466842,0.0,0.0,
tt0479028,0.0,0.0,
tt0482218,0.0,0.0,
tt0487759,0.0,0.0,
tt0777822,0.0,0.0,
tt0777881,0.0,0.0,
tt0793607,0.0,0.0,
tt0810831,0.0,0.0,G
tt0831848,0.0,0.0,
tt0832449,0.0,0.0,PG-13
tt0867181,0.0,5000.0,
tt0880482,0.0,0.0,
tt1039952,500000.0,500000.0,
tt10456236,0.0,0.0,
tt10473208,0.0,0.0,
tt1073223,0.0,0.0,PG-13
tt1087646,0.0,0.0,
tt10933608,0.0,0.0,
tt1093394,0.0,0.0,
tt1105323,0.0,0.0,
tt1105375,0.0,0.0,
tt11700882,0.0,0.0,
tt12024386,0.0,0.0,
tt1283956,0.0,0.0,
tt1301716,0.0,0.0,
tt1304996,0.0,0.0,
tt1344376,0.0,0.0,
tt14234708,0.0,0.0,
tt1431314,0.0,0.0,
tt15554712,0.0,0.0,
tt1639320,0.0,0.0,
tt1720942,0.0,0.0,
tt1764172,0.0,250000.0,
tt1900940,0.0,0.0,
tt1907617,0.0,0.0,
tt1924315,0.0,0.0,
tt1935787,0.0,0.0,
tt19637696,0.0,0.0,
tt1967539,0.0,0.0,
tt2032554,0.0,0.0,
tt2162703,0.0,0.0,
tt2253998,0.0,0.0,
tt2431894,0.0,0.0,
tt2487986,0.0,0.0,
tt27054330,0.0,0.0,
tt2742202,0.0,0.0,
tt2756880,0.0,0.0,
tt2957918,0.0,2000.0,
tt2960870,0.0,0.0,
tt2980774,0.0,0.0,
tt3041064,0.0,0.0,NR
tt3162630,0.0,0.0,
tt3165660,0.0,0.0,
tt3314212,0.0,250000.0,
tt3463178,0.0,0.0,
tt3505916,0.0,0.0,
tt3552620,0.0,0.0,
tt3813332,0.0,0.0,
tt4165204,0.0,0.0,
tt4184478,0.0,0.0,
tt4216744,0.0,0.0,
tt4219002,0.0,0.0,
tt4219018,0.0,0.0,
tt4523400,0.0,0.0,
tt4719902,0.0,0.0,
tt5239916,0.0,0.0,
tt5934296,0.0,0.0,
tt6920966,0.0,0.0,
tt7795706,0.0,0.0,
tt7797670,0.0,0.0,
tt7797790,0.0,0.0,
tt8665056,0.0,0.0,
tt8795764,0.0,0.0,NR
tt9071078,0.0,127389.0,
tt9212730,0.0,0.0,
